INSERT INTO `Persona` (`Id`, `Apellido`, `Cargo`, `Email`, `Nombre`, `NroDocumento`, `Observaciones`,`TipoDocumento`) VALUES (1, 'Palermo', 'empleado', 'palermo@gmail.com', 'Martin', '9.000.009', 'Observacion 1', 'DNI');
INSERT INTO `Persona` (`Id`, `Apellido`, `Cargo`, `Email`, `Nombre`, `NroDocumento`, `Observaciones`,`TipoDocumento`) VALUES (2, 'Riquelme', 'empleado', 'riquelme@gmail.com', 'Juan Roman', '10.000.010', 'Observacion 2', 'DNI');
INSERT INTO `Persona` (`Id`, `Apellido`, `Cargo`, `Email`, `Nombre`, `NroDocumento`, `Observaciones`,`TipoDocumento`) VALUES (3, 'Bermudez', 'empleado', 'bermudez@gmail.com', 'Jorge', '2.000.444', 'Observacion 3', 'DNI');
INSERT INTO `Persona` (`Id`, `Apellido`, `Cargo`, `Email`, `Nombre`, `NroDocumento`, `Observaciones`,`TipoDocumento`) VALUES (4, 'Arruabarrena', 'empleado', 'arruabarrena@gmail.com', 'Rodolfo', '03.000.003', 'Observacion 4', 'DNI');
INSERT INTO `Persona` (`Id`, `Apellido`, `Cargo`, `Email`, `Nombre`, `NroDocumento`, `Observaciones`,`TipoDocumento`) VALUES (5, 'Delgado', 'empleado', 'delgado@gmail.com', 'Marcelo', '11.000.011', 'Observacion 5', 'DNI');
INSERT INTO `Persona` (`Id`, `Apellido`, `Cargo`, `Email`, `Nombre`, `NroDocumento`, `Observaciones`,`TipoDocumento`) VALUES (6, 'Cordoba', 'empleado', 'Cordoba@gmail.com', 'Osacar', '1.000.001', 'Observacion 6', 'DNI');
INSERT INTO `Persona` (`Id`, `Apellido`, `Cargo`, `Email`, `Nombre`, `NroDocumento`, `Observaciones`,`TipoDocumento`) VALUES (7, 'Rodriguez', 'empleado', 'rodriguez@gmail.com', 'Clemente', '30.000.444', 'Observacion 7', 'DNI');
INSERT INTO `Persona` (`Id`, `Apellido`, `Cargo`, `Email`, `Nombre`, `NroDocumento`, `Observaciones`,`TipoDocumento`) VALUES (8, 'Ibarra', 'empleado', 'hugoBenjamin@gmail.com', 'Hugo Benjamin', '4.000.004', 'Observacion 8', 'DNI');
INSERT INTO `Persona` (`Id`, `Apellido`, `Cargo`, `Email`, `Nombre`, `NroDocumento`, `Observaciones`,`TipoDocumento`) VALUES (9, 'Schelotto', 'empleado', 'schelotto@gmail.com', 'Guillermo', '7.000.007', 'Observacion 9', 'DNI');
INSERT INTO `Persona` (`Id`, `Apellido`, `Cargo`, `Email`, `Nombre`, `NroDocumento`, `Observaciones`,`TipoDocumento`) VALUES (10, 'Bataglia', 'empleado', 'bataglia@gmail.com', 'Sebastian', '5.000.005', 'Observacion 10', 'DNI');
INSERT INTO `Persona` (`Id`, `Apellido`, `Cargo`, `Email`, `Nombre`, `NroDocumento`, `Observaciones`,`TipoDocumento`) VALUES (11, 'Tevez', 'empleado', 'tevez@gmail.com', 'Carlos', '10.010.010', 'Observacion 11', 'DNI');
#11 records


INSERT INTO `Grafico` (`Id`, `Observaciones`, `TipoGrafico`) VALUES (1, 'Observacion 1', 'Torta');
INSERT INTO `Grafico` (`Id`, `Observaciones`, `TipoGrafico`) VALUES (2, 'Observacion 2', 'Barras');
#2 records


INSERT INTO `UnidadesDeMedida` (`Id`, `UnidadDeMedida`, `Observaciones`) VALUES (1, 'Día', NULL);
INSERT INTO `UnidadesDeMedida` (`Id`, `UnidadDeMedida`, `Observaciones`) VALUES (2, 'Semana', NULL);
INSERT INTO `UnidadesDeMedida` (`Id`, `UnidadDeMedida`, `Observaciones`) VALUES (3, 'Mes', NULL);
INSERT INTO `UnidadesDeMedida` (`Id`, `UnidadDeMedida`, `Observaciones`) VALUES (4, 'Año', NULL);
# 4 records




INSERT INTO `TipoIndicador` (`ID`, `Tipo`, `Observaciones`) VALUES (1, 'Semaforo', NULL);
INSERT INTO `TipoIndicador` (`ID`, `Tipo`, `Observaciones`) VALUES (2, 'Cromatico', NULL);
# 2 records



INSERT INTO `EstadosXTipoIndicador` (`IdTipoIndicador`, `IdEstado`, `Estado`, `RepresentacionCromatica`, `Observaciones`) VALUES (1, 1, 'Critico', 'Rojo', NULL);
INSERT INTO `EstadosXTipoIndicador` (`IdTipoIndicador`, `IdEstado`, `Estado`, `RepresentacionCromatica`, `Observaciones`) VALUES (1, 2, 'Aceptable', 'Amarillo', NULL);
INSERT INTO `EstadosXTipoIndicador` (`IdTipoIndicador`, `IdEstado`, `Estado`, `RepresentacionCromatica`, `Observaciones`) VALUES (1, 3, 'Optimo', 'Verde', NULL);
INSERT INTO `EstadosXTipoIndicador` (`IdTipoIndicador`, `IdEstado`, `Estado`, `RepresentacionCromatica`, `Observaciones`) VALUES (2, 1, 'Malo', 'Rojo', NULL);
INSERT INTO `EstadosXTipoIndicador` (`IdTipoIndicador`, `IdEstado`, `Estado`, `RepresentacionCromatica`, `Observaciones`) VALUES (2, 2, 'Regular', 'Naranja', NULL);
INSERT INTO `EstadosXTipoIndicador` (`IdTipoIndicador`, `IdEstado`, `Estado`, `RepresentacionCromatica`, `Observaciones`) VALUES (2, 3, 'Bueno', 'Amarillo', NULL);
INSERT INTO `EstadosXTipoIndicador` (`IdTipoIndicador`, `IdEstado`, `Estado`, `RepresentacionCromatica`, `Observaciones`) VALUES (2, 4, 'Muy bueno', 'Verde', NULL);
# 7 records


INSERT INTO `Indicador` (`Id`, `Nombre`, `IdUnidadDeMedida`, `Direccion`, `Formula`, `FichaMetodologica`, `idGrafico`, `IdResponsable`, `Frecuencia`, `Periodo`, `FechaUltimaActualizacion`, `IdTipoIndicador`, `Observaciones`, `Codigo`) VALUES (1, 'Credito total en monto', NULL, -1, '(∑  MorosidadCliente  siendo MorosidadCliente  ultima deuda futura registrada \r\r\nde cada cliente)', NULL, 2, 1, 'Mensual', 'Mensual', NULL, 1, NULL, 'CTM');
INSERT INTO `Indicador` (`Id`, `Nombre`, `IdUnidadDeMedida`, `Direccion`, `Formula`, `FichaMetodologica`, `idGrafico`, `IdResponsable`, `Frecuencia`, `Periodo`, `FechaUltimaActualizacion`, `IdTipoIndicador`, `Observaciones`, `Codigo`) VALUES (2, 'Credito total en promedio', NULL, -1, 'Credito total en monto / ∑clientes siendo Credito total en monto  el indicador \r\r\n1)', NULL, 2, 2, 'Mensual', 'Mensual', NULL, 1, NULL, 'CTP');
INSERT INTO `Indicador` (`Id`, `Nombre`, `IdUnidadDeMedida`, `Direccion`, `Formula`, `FichaMetodologica`, `idGrafico`, `IdResponsable`, `Frecuencia`, `Periodo`, `FechaUltimaActualizacion`, `IdTipoIndicador`, `Observaciones`, `Codigo`) VALUES (3, 'Total Morosos - en numero', NULL, -1, '(∑ 1 if cliente es moroso)', NULL, 2, 3, 'Mensual', 'Mensual', NULL, 1, NULL, 'TMN');
INSERT INTO `Indicador` (`Id`, `Nombre`, `IdUnidadDeMedida`, `Direccion`, `Formula`, `FichaMetodologica`, `idGrafico`, `IdResponsable`, `Frecuencia`, `Periodo`, `FechaUltimaActualizacion`, `IdTipoIndicador`, `Observaciones`, `Codigo`) VALUES (4, 'Total Morosos - en monto', NULL, -1, '(∑ MorosidadCliente  siendo MorosidadCliente  ultima deuda futura registrada \r\r\nde cada cliente)', NULL, 2, 4, 'Mensual', 'Mensual', NULL, 1, NULL, 'TMM');
INSERT INTO `Indicador` (`Id`, `Nombre`, `IdUnidadDeMedida`, `Direccion`, `Formula`, `FichaMetodologica`, `idGrafico`, `IdResponsable`, `Frecuencia`, `Periodo`, `FechaUltimaActualizacion`, `IdTipoIndicador`, `Observaciones`, `Codigo`) VALUES (5, '\tTotal Incobrables. (en número)', NULL, -1, ' (∑ 1 if  cliente i es moroso con categoría menor a 3 )', NULL, 2, 5, 'Mensual', 'Mensual', NULL, 1, NULL, 'TIN');
INSERT INTO `Indicador` (`Id`, `Nombre`, `IdUnidadDeMedida`, `Direccion`, `Formula`, `FichaMetodologica`, `idGrafico`, `IdResponsable`, `Frecuencia`, `Periodo`, `FechaUltimaActualizacion`, `IdTipoIndicador`, `Observaciones`, `Codigo`) VALUES (6, '\tTotal Incobrables. (en pesos)', NULL, -1, '(∑ MorosidadCliente  if  cliente i es moroso con categoría menor a 3 )', NULL, 2, 6, 'Mensual', 'Mensual', NULL, 1, NULL, 'TIP');
INSERT INTO `Indicador` (`Id`, `Nombre`, `IdUnidadDeMedida`, `Direccion`, `Formula`, `FichaMetodologica`, `idGrafico`, `IdResponsable`, `Frecuencia`, `Periodo`, `FechaUltimaActualizacion`, `IdTipoIndicador`, `Observaciones`, `Codigo`) VALUES (7, '\tPorcentaje Incobrables sobre Total', NULL, -1, '(cant / cantTotal) *100', NULL, 1, 7, 'Mensual', 'Mensual', NULL, 1, NULL, 'PIT');
INSERT INTO `Indicador` (`Id`, `Nombre`, `IdUnidadDeMedida`, `Direccion`, `Formula`, `FichaMetodologica`, `idGrafico`, `IdResponsable`, `Frecuencia`, `Periodo`, `FechaUltimaActualizacion`, `IdTipoIndicador`, `Observaciones`, `Codigo`) VALUES (8, '\tPorcentaje Incobrables sobre Morosos', NULL, -1, '(cant / cantTotal) *100', NULL, 1, 8, 'Mensual', 'Mensual', NULL, 1, NULL, 'PIM');
INSERT INTO `Indicador` (`Id`, `Nombre`, `IdUnidadDeMedida`, `Direccion`, `Formula`, `FichaMetodologica`, `idGrafico`, `IdResponsable`, `Frecuencia`, `Periodo`, `FechaUltimaActualizacion`, `IdTipoIndicador`, `Observaciones`, `Codigo`) VALUES (9, '\tRelación Montos a Créditos / Incobrables', NULL, -1, ' (∑ morVencerCliente ) /  (∑ morMorosoCliente )', NULL, 2, 9, 'Mensual', 'Mensual', NULL, 1, NULL, 'RMCI');
INSERT INTO `Indicador` (`Id`, `Nombre`, `IdUnidadDeMedida`, `Direccion`, `Formula`, `FichaMetodologica`, `idGrafico`, `IdResponsable`, `Frecuencia`, `Periodo`, `FechaUltimaActualizacion`, `IdTipoIndicador`, `Observaciones`, `Codigo`) VALUES (10, '\tCategoría Media', NULL, -1, ' (∑morCategoria) / contador', NULL, 2, 10, 'Mensual', 'Mensual', NULL, 1, NULL, 'CM');
# 10 records



INSERT INTO `HSTUmbralesXEstadosXIndicador` (`IdIndicador`, `IdEstadoTipoIndicador`, `InicioUmbral`, `FinUmbral`, `OperadorUmbralSuperior`, `ValorUmbralSuperior`, `OperadorUmbralInferior`, `ValorUmbralInferior`, `Observaciones`) VALUES (1, 1, '2013-01-01 00:00:00', '0213-12-31 00:00:00', '<', 20, '>=', 40, NULL);
# 1 records



INSERT INTO `UmbralesXEstadosXIndicador` (`IdIndicador`, `IdEstadoTipoIndicador`, `InicioUmbral`, `FinUmbral`, `OperadorUmbralSuperior`, `ValorUmbralSuperior`, `OperadorUmbralInferior`, `ValorUmbralInferior`, `Observaciones`) VALUES (1, 1, '2014-01-01 00:00:00', '2014-01-31 00:00:00', '<', 30, '>=', 50, NULL);
# 1 records


INSERT INTO `ValorIndicador` (`IdIndicador`, `Fecha`, `Valor`, `Estado`, `Variacion`, `SignoVariacion`, `Observaciones`) VALUES (1, '2007-08-01 00:00:00', 576632.41, 'AMARILLO', 0, -1, NULL);
INSERT INTO `ValorIndicador` (`IdIndicador`, `Fecha`, `Valor`, `Estado`, `Variacion`, `SignoVariacion`, `Observaciones`) VALUES (1, '2007-09-01 00:00:00', 625094.829999999, 'AMARILLO', 48462.4199999999, -1, NULL);
INSERT INTO `ValorIndicador` (`IdIndicador`, `Fecha`, `Valor`, `Estado`, `Variacion`, `SignoVariacion`, `Observaciones`) VALUES (1, '2007-10-01 00:00:00', 658101.13, 'AMARILLO', 33006.3000000002, -1, NULL);
INSERT INTO `ValorIndicador` (`IdIndicador`, `Fecha`, `Valor`, `Estado`, `Variacion`, `SignoVariacion`, `Observaciones`) VALUES (1, '2007-11-01 00:00:00', 697108.990000002, 'AMARILLO', 39007.8600000022, -1, NULL);
INSERT INTO `ValorIndicador` (`IdIndicador`, `Fecha`, `Valor`, `Estado`, `Variacion`, `SignoVariacion`, `Observaciones`) VALUES (1, '2007-12-01 00:00:00', 722237.069999999, 'AMARILLO', 25128.0799999976, -1, NULL);
INSERT INTO `ValorIndicador` (`IdIndicador`, `Fecha`, `Valor`, `Estado`, `Variacion`, `SignoVariacion`, `Observaciones`) VALUES (1, '2008-01-01 00:00:00', 735349.290000001, 'AMARILLO', 13112.220000001, -1, NULL);
INSERT INTO `ValorIndicador` (`IdIndicador`, `Fecha`, `Valor`, `Estado`, `Variacion`, `SignoVariacion`, `Observaciones`) VALUES (1, '2008-02-01 00:00:00', 764036, 'AMARILLO', 28686.7099999998, -1, NULL);
INSERT INTO `ValorIndicador` (`IdIndicador`, `Fecha`, `Valor`, `Estado`, `Variacion`, `SignoVariacion`, `Observaciones`) VALUES (1, '2008-03-01 00:00:00', 788441.19, 'AMARILLO', 24405.1899999994, -1, NULL);
INSERT INTO `ValorIndicador` (`IdIndicador`, `Fecha`, `Valor`, `Estado`, `Variacion`, `SignoVariacion`, `Observaciones`) VALUES (1, '2008-04-01 00:00:00', 832082.760000001, 'AMARILLO', 43641.5700000012, -1, NULL);
INSERT INTO `ValorIndicador` (`IdIndicador`, `Fecha`, `Valor`, `Estado`, `Variacion`, `SignoVariacion`, `Observaciones`) VALUES (1, '2008-05-01 00:00:00', 821856.710000001, 'AMARILLO', 10226.0500000004, 1, NULL);
INSERT INTO `ValorIndicador` (`IdIndicador`, `Fecha`, `Valor`, `Estado`, `Variacion`, `SignoVariacion`, `Observaciones`) VALUES (1, '2008-06-01 00:00:00', 859686.71, 'AMARILLO', 37829.9999999995, -1, NULL);
INSERT INTO `ValorIndicador` (`IdIndicador`, `Fecha`, `Valor`, `Estado`, `Variacion`, `SignoVariacion`, `Observaciones`) VALUES (1, '2008-07-01 00:00:00', 835755.539999999, 'AMARILLO', 23931.1700000012, 1, NULL);
INSERT INTO `ValorIndicador` (`IdIndicador`, `Fecha`, `Valor`, `Estado`, `Variacion`, `SignoVariacion`, `Observaciones`) VALUES (1, '2008-08-01 00:00:00', 819387.590000001, 'AMARILLO', 16367.9499999979, 1, NULL);
INSERT INTO `ValorIndicador` (`IdIndicador`, `Fecha`, `Valor`, `Estado`, `Variacion`, `SignoVariacion`, `Observaciones`) VALUES (1, '2008-09-01 00:00:00', 712751.970000001, 'AMARILLO', 106635.62, 1, NULL);
INSERT INTO `ValorIndicador` (`IdIndicador`, `Fecha`, `Valor`, `Estado`, `Variacion`, `SignoVariacion`, `Observaciones`) VALUES (1, '2008-10-01 00:00:00', 630399.539999999, 'AMARILLO', 82352.4300000016, 1, NULL);
INSERT INTO `ValorIndicador` (`IdIndicador`, `Fecha`, `Valor`, `Estado`, `Variacion`, `SignoVariacion`, `Observaciones`) VALUES (1, '2008-11-01 00:00:00', 561657.879999999, 'AMARILLO', 68741.6599999997, 1, NULL);
INSERT INTO `ValorIndicador` (`IdIndicador`, `Fecha`, `Valor`, `Estado`, `Variacion`, `SignoVariacion`, `Observaciones`) VALUES (1, '2008-12-01 00:00:00', 490767.72, 'AMARILLO', 70890.159999999, 1, NULL);
INSERT INTO `ValorIndicador` (`IdIndicador`, `Fecha`, `Valor`, `Estado`, `Variacion`, `SignoVariacion`, `Observaciones`) VALUES (1, '2009-01-01 00:00:00', 425789.97, 'AMARILLO', 64977.7500000005, 1, NULL);
INSERT INTO `ValorIndicador` (`IdIndicador`, `Fecha`, `Valor`, `Estado`, `Variacion`, `SignoVariacion`, `Observaciones`) VALUES (1, '2009-02-01 00:00:00', 367296.87, 'AMARILLO', 58493.1000000002, 1, NULL);
INSERT INTO `ValorIndicador` (`IdIndicador`, `Fecha`, `Valor`, `Estado`, `Variacion`, `SignoVariacion`, `Observaciones`) VALUES (1, '2009-03-01 00:00:00', 325525.16, 'VERDE', 41771.7099999996, 1, NULL);
INSERT INTO `ValorIndicador` (`IdIndicador`, `Fecha`, `Valor`, `Estado`, `Variacion`, `SignoVariacion`, `Observaciones`) VALUES (1, '2009-04-01 00:00:00', 297736.48, 'VERDE', 27788.6800000005, 1, NULL);
INSERT INTO `ValorIndicador` (`IdIndicador`, `Fecha`, `Valor`, `Estado`, `Variacion`, `SignoVariacion`, `Observaciones`) VALUES (1, '2009-05-01 00:00:00', 263616.84, 'VERDE', 34119.6400000001, 1, NULL);
INSERT INTO `ValorIndicador` (`IdIndicador`, `Fecha`, `Valor`, `Estado`, `Variacion`, `SignoVariacion`, `Observaciones`) VALUES (1, '2009-06-01 00:00:00', 236697.11, 'VERDE', 26919.7299999997, 1, NULL);
INSERT INTO `ValorIndicador` (`IdIndicador`, `Fecha`, `Valor`, `Estado`, `Variacion`, `SignoVariacion`, `Observaciones`) VALUES (1, '2009-07-01 00:00:00', 212979.95, 'VERDE', 23717.1599999999, 1, NULL);
INSERT INTO `ValorIndicador` (`IdIndicador`, `Fecha`, `Valor`, `Estado`, `Variacion`, `SignoVariacion`, `Observaciones`) VALUES (1, '2009-08-01 00:00:00', 214253.34, 'VERDE', 1273.39000000004, -1, NULL);
INSERT INTO `ValorIndicador` (`IdIndicador`, `Fecha`, `Valor`, `Estado`, `Variacion`, `SignoVariacion`, `Observaciones`) VALUES (1, '2009-09-01 00:00:00', 211217.3, 'VERDE', 3036.04000000004, 1, NULL);
INSERT INTO `ValorIndicador` (`IdIndicador`, `Fecha`, `Valor`, `Estado`, `Variacion`, `SignoVariacion`, `Observaciones`) VALUES (1, '2009-10-01 00:00:00', 211352.13, 'VERDE', 134.830000000075, -1, NULL);
INSERT INTO `ValorIndicador` (`IdIndicador`, `Fecha`, `Valor`, `Estado`, `Variacion`, `SignoVariacion`, `Observaciones`) VALUES (1, '2009-11-01 00:00:00', 220660.78, 'VERDE', 9308.64999999988, -1, NULL);
INSERT INTO `ValorIndicador` (`IdIndicador`, `Fecha`, `Valor`, `Estado`, `Variacion`, `SignoVariacion`, `Observaciones`) VALUES (1, '2009-12-01 00:00:00', 234147, 'VERDE', 13486.22, -1, NULL);
INSERT INTO `ValorIndicador` (`IdIndicador`, `Fecha`, `Valor`, `Estado`, `Variacion`, `SignoVariacion`, `Observaciones`) VALUES (1, '2010-01-01 00:00:00', 258601.1, 'VERDE', 24454.0999999996, -1, NULL);
INSERT INTO `ValorIndicador` (`IdIndicador`, `Fecha`, `Valor`, `Estado`, `Variacion`, `SignoVariacion`, `Observaciones`) VALUES (1, '2010-02-01 00:00:00', 271983.52, 'VERDE', 13382.4200000004, -1, NULL);
INSERT INTO `ValorIndicador` (`IdIndicador`, `Fecha`, `Valor`, `Estado`, `Variacion`, `SignoVariacion`, `Observaciones`) VALUES (1, '2010-03-01 00:00:00', 296871.74, 'VERDE', 24888.2199999999, -1, NULL);
INSERT INTO `ValorIndicador` (`IdIndicador`, `Fecha`, `Valor`, `Estado`, `Variacion`, `SignoVariacion`, `Observaciones`) VALUES (1, '2010-04-01 00:00:00', 333998.71, 'VERDE', 37126.9700000001, -1, NULL);
INSERT INTO `ValorIndicador` (`IdIndicador`, `Fecha`, `Valor`, `Estado`, `Variacion`, `SignoVariacion`, `Observaciones`) VALUES (1, '2010-05-01 00:00:00', 348582.04, 'VERDE', 14583.3300000001, -1, NULL);
INSERT INTO `ValorIndicador` (`IdIndicador`, `Fecha`, `Valor`, `Estado`, `Variacion`, `SignoVariacion`, `Observaciones`) VALUES (1, '2010-06-01 00:00:00', 410950.26, 'AMARILLO', 62368.2200000002, -1, NULL);
INSERT INTO `ValorIndicador` (`IdIndicador`, `Fecha`, `Valor`, `Estado`, `Variacion`, `SignoVariacion`, `Observaciones`) VALUES (1, '2010-07-01 00:00:00', 438882.340000001, 'AMARILLO', 27932.0800000005, -1, NULL);
INSERT INTO `ValorIndicador` (`IdIndicador`, `Fecha`, `Valor`, `Estado`, `Variacion`, `SignoVariacion`, `Observaciones`) VALUES (1, '2010-08-01 00:00:00', 552529.81, 'AMARILLO', 113647.469999999, -1, NULL);
INSERT INTO `ValorIndicador` (`IdIndicador`, `Fecha`, `Valor`, `Estado`, `Variacion`, `SignoVariacion`, `Observaciones`) VALUES (1, '2010-09-01 00:00:00', 633256.909999999, 'AMARILLO', 80727.0999999993, -1, NULL);
INSERT INTO `ValorIndicador` (`IdIndicador`, `Fecha`, `Valor`, `Estado`, `Variacion`, `SignoVariacion`, `Observaciones`) VALUES (1, '2010-10-01 00:00:00', 667072.180000001, 'AMARILLO', 33815.2700000014, -1, NULL);
INSERT INTO `ValorIndicador` (`IdIndicador`, `Fecha`, `Valor`, `Estado`, `Variacion`, `SignoVariacion`, `Observaciones`) VALUES (1, '2010-11-01 00:00:00', 697676.459999999, 'AMARILLO', 30604.2799999987, -1, NULL);
INSERT INTO `ValorIndicador` (`IdIndicador`, `Fecha`, `Valor`, `Estado`, `Variacion`, `SignoVariacion`, `Observaciones`) VALUES (1, '2010-12-01 00:00:00', 742412.920000001, 'AMARILLO', 44736.4600000011, -1, NULL);
INSERT INTO `ValorIndicador` (`IdIndicador`, `Fecha`, `Valor`, `Estado`, `Variacion`, `SignoVariacion`, `Observaciones`) VALUES (1, '2011-01-01 00:00:00', 813192.710000001, 'AMARILLO', 70779.79, -1, NULL);
INSERT INTO `ValorIndicador` (`IdIndicador`, `Fecha`, `Valor`, `Estado`, `Variacion`, `SignoVariacion`, `Observaciones`) VALUES (1, '2011-02-01 00:00:00', 856489.66, 'AMARILLO', 43296.9499999998, -1, NULL);
INSERT INTO `ValorIndicador` (`IdIndicador`, `Fecha`, `Valor`, `Estado`, `Variacion`, `SignoVariacion`, `Observaciones`) VALUES (1, '2011-03-01 00:00:00', 943046.009999999, 'ROJO', 86556.3499999986, -1, NULL);
INSERT INTO `ValorIndicador` (`IdIndicador`, `Fecha`, `Valor`, `Estado`, `Variacion`, `SignoVariacion`, `Observaciones`) VALUES (1, '2011-04-01 00:00:00', 1012965.55, 'ROJO', 69919.5400000013, -1, NULL);
INSERT INTO `ValorIndicador` (`IdIndicador`, `Fecha`, `Valor`, `Estado`, `Variacion`, `SignoVariacion`, `Observaciones`) VALUES (1, '2011-05-01 00:00:00', 1083302.12, 'ROJO', 70336.5700000005, -1, NULL);
INSERT INTO `ValorIndicador` (`IdIndicador`, `Fecha`, `Valor`, `Estado`, `Variacion`, `SignoVariacion`, `Observaciones`) VALUES (1, '2011-06-01 00:00:00', 1073202.24, 'ROJO', 10099.8800000027, -1, NULL);
INSERT INTO `ValorIndicador` (`IdIndicador`, `Fecha`, `Valor`, `Estado`, `Variacion`, `SignoVariacion`, `Observaciones`) VALUES (1, '2011-07-01 00:00:00', 1053736.9335, 'ROJO', 19465.3064999981, -1, NULL);
INSERT INTO `ValorIndicador` (`IdIndicador`, `Fecha`, `Valor`, `Estado`, `Variacion`, `SignoVariacion`, `Observaciones`) VALUES (1, '2011-08-01 00:00:00', 1051862.3925, 'ROJO', 1874.5409999988, -1, NULL);
INSERT INTO `ValorIndicador` (`IdIndicador`, `Fecha`, `Valor`, `Estado`, `Variacion`, `SignoVariacion`, `Observaciones`) VALUES (1, '2011-09-01 00:00:00', 1034369.0025, 'ROJO', 17493.3900000054, -1, NULL);
INSERT INTO `ValorIndicador` (`IdIndicador`, `Fecha`, `Valor`, `Estado`, `Variacion`, `SignoVariacion`, `Observaciones`) VALUES (1, '2011-10-01 00:00:00', 1028772.927, 'ROJO', 5596.07549999736, -1, NULL);
INSERT INTO `ValorIndicador` (`IdIndicador`, `Fecha`, `Valor`, `Estado`, `Variacion`, `SignoVariacion`, `Observaciones`) VALUES (1, '2011-11-01 00:00:00', 963597.985999999, 'ROJO', 65174.9409999999, -1, NULL);
INSERT INTO `ValorIndicador` (`IdIndicador`, `Fecha`, `Valor`, `Estado`, `Variacion`, `SignoVariacion`, `Observaciones`) VALUES (1, '2011-12-01 00:00:00', 925276.607999999, 'ROJO', 38321.3779999999, -1, NULL);
INSERT INTO `ValorIndicador` (`IdIndicador`, `Fecha`, `Valor`, `Estado`, `Variacion`, `SignoVariacion`, `Observaciones`) VALUES (1, '2012-01-01 00:00:00', 909961.338799997, 'ROJO', 15315.2692000014, -1, NULL);
INSERT INTO `ValorIndicador` (`IdIndicador`, `Fecha`, `Valor`, `Estado`, `Variacion`, `SignoVariacion`, `Observaciones`) VALUES (1, '2012-02-01 00:00:00', 896456.3868, 'AMARILLO', 13504.9519999977, -1, NULL);
INSERT INTO `ValorIndicador` (`IdIndicador`, `Fecha`, `Valor`, `Estado`, `Variacion`, `SignoVariacion`, `Observaciones`) VALUES (1, '2012-03-01 00:00:00', 901764.270000001, 'AMARILLO', 11307.8832000018, 1, NULL);
INSERT INTO `ValorIndicador` (`IdIndicador`, `Fecha`, `Valor`, `Estado`, `Variacion`, `SignoVariacion`, `Observaciones`) VALUES (1, '2012-04-01 00:00:00', 918204.120000001, 'ROJO', 2233.27200000291, 1, NULL);
INSERT INTO `ValorIndicador` (`IdIndicador`, `Fecha`, `Valor`, `Estado`, `Variacion`, `SignoVariacion`, `Observaciones`) VALUES (1, '2012-05-01 00:00:00', 915970.847999998, 'ROJO', 8206.57799999684, 1, NULL);
INSERT INTO `ValorIndicador` (`IdIndicador`, `Fecha`, `Valor`, `Estado`, `Variacion`, `SignoVariacion`, `Observaciones`) VALUES (1, '2012-06-01 00:00:00', 905903.829, 'ROJO', 12300.2910000012, -1, NULL);
INSERT INTO `ValorIndicador` (`IdIndicador`, `Fecha`, `Valor`, `Estado`, `Variacion`, `SignoVariacion`, `Observaciones`) VALUES (1, '2012-07-01 00:00:00', 904578.51, 'ROJO', 1325.31899999955, -1, NULL);
INSERT INTO `ValorIndicador` (`IdIndicador`, `Fecha`, `Valor`, `Estado`, `Variacion`, `SignoVariacion`, `Observaciones`) VALUES (2, '2007-08-01 00:00:00', 390.143714479025, 'A DEFINIR', 0, -1, NULL);
INSERT INTO `ValorIndicador` (`IdIndicador`, `Fecha`, `Valor`, `Estado`, `Variacion`, `SignoVariacion`, `Observaciones`) VALUES (2, '2007-09-01 00:00:00', 387.775949131513, 'A DEFINIR', 2.36776534751203, 1, NULL);
INSERT INTO `ValorIndicador` (`IdIndicador`, `Fecha`, `Valor`, `Estado`, `Variacion`, `SignoVariacion`, `Observaciones`) VALUES (2, '2007-10-01 00:00:00', 381.950742890307, 'A DEFINIR', 5.82520624120593, 1, NULL);
INSERT INTO `ValorIndicador` (`IdIndicador`, `Fecha`, `Valor`, `Estado`, `Variacion`, `SignoVariacion`, `Observaciones`) VALUES (2, '2007-11-01 00:00:00', 377.836850948511, 'A DEFINIR', 4.11389194179691, 1, NULL);
INSERT INTO `ValorIndicador` (`IdIndicador`, `Fecha`, `Valor`, `Estado`, `Variacion`, `SignoVariacion`, `Observaciones`) VALUES (2, '2007-12-01 00:00:00', 374.410093312597, 'A DEFINIR', 3.42675763591359, 1, NULL);
INSERT INTO `ValorIndicador` (`IdIndicador`, `Fecha`, `Valor`, `Estado`, `Variacion`, `SignoVariacion`, `Observaciones`) VALUES (2, '2008-01-01 00:00:00', 369.15125, 'A DEFINIR', 5.2588433125967, 1, NULL);
INSERT INTO `ValorIndicador` (`IdIndicador`, `Fecha`, `Valor`, `Estado`, `Variacion`, `SignoVariacion`, `Observaciones`) VALUES (2, '2008-02-01 00:00:00', 365.04347826087, 'A DEFINIR', 4.1077717391305, 1, NULL);
INSERT INTO `ValorIndicador` (`IdIndicador`, `Fecha`, `Valor`, `Estado`, `Variacion`, `SignoVariacion`, `Observaciones`) VALUES (2, '2008-03-01 00:00:00', 369.986480525575, 'A DEFINIR', 4.943002264705, -1, NULL);
INSERT INTO `ValorIndicador` (`IdIndicador`, `Fecha`, `Valor`, `Estado`, `Variacion`, `SignoVariacion`, `Observaciones`) VALUES (2, '2008-04-01 00:00:00', 375.997632173521, 'A DEFINIR', 6.01115164794578, -1, NULL);
INSERT INTO `ValorIndicador` (`IdIndicador`, `Fecha`, `Valor`, `Estado`, `Variacion`, `SignoVariacion`, `Observaciones`) VALUES (2, '2008-05-01 00:00:00', 370.372559711582, 'A DEFINIR', 5.62507246193849, 1, NULL);
INSERT INTO `ValorIndicador` (`IdIndicador`, `Fecha`, `Valor`, `Estado`, `Variacion`, `SignoVariacion`, `Observaciones`) VALUES (2, '2008-06-01 00:00:00', 380.056016799293, 'A DEFINIR', 9.68345708771068, -1, NULL);
INSERT INTO `ValorIndicador` (`IdIndicador`, `Fecha`, `Valor`, `Estado`, `Variacion`, `SignoVariacion`, `Observaciones`) VALUES (2, '2008-07-01 00:00:00', 364.960061135371, 'A DEFINIR', 15.095955663922, 1, NULL);
INSERT INTO `ValorIndicador` (`IdIndicador`, `Fecha`, `Valor`, `Estado`, `Variacion`, `SignoVariacion`, `Observaciones`) VALUES (2, '2008-08-01 00:00:00', 339.714174958541, 'A DEFINIR', 25.2458861768296, 1, NULL);
INSERT INTO `ValorIndicador` (`IdIndicador`, `Fecha`, `Valor`, `Estado`, `Variacion`, `SignoVariacion`, `Observaciones`) VALUES (2, '2008-09-01 00:00:00', 305.510060008573, 'A DEFINIR', 34.2041149499681, 1, NULL);
INSERT INTO `ValorIndicador` (`IdIndicador`, `Fecha`, `Valor`, `Estado`, `Variacion`, `SignoVariacion`, `Observaciones`) VALUES (2, '2008-10-01 00:00:00', 278.323417218543, 'A DEFINIR', 27.1866427900303, 1, NULL);
INSERT INTO `ValorIndicador` (`IdIndicador`, `Fecha`, `Valor`, `Estado`, `Variacion`, `SignoVariacion`, `Observaciones`) VALUES (2, '2008-11-01 00:00:00', 255.183044070877, 'A DEFINIR', 23.1403731476661, 1, NULL);
INSERT INTO `ValorIndicador` (`IdIndicador`, `Fecha`, `Valor`, `Estado`, `Variacion`, `SignoVariacion`, `Observaciones`) VALUES (2, '2008-12-01 00:00:00', 238.584210014585, 'A DEFINIR', 16.598834056292, 1, NULL);
INSERT INTO `ValorIndicador` (`IdIndicador`, `Fecha`, `Valor`, `Estado`, `Variacion`, `SignoVariacion`, `Observaciones`) VALUES (2, '2009-01-01 00:00:00', 221.765609375, 'A DEFINIR', 16.8186006395846, 1, NULL);
INSERT INTO `ValorIndicador` (`IdIndicador`, `Fecha`, `Valor`, `Estado`, `Variacion`, `SignoVariacion`, `Observaciones`) VALUES (2, '2009-02-01 00:00:00', 211.820570934256, 'A DEFINIR', 9.94503844074404, 1, NULL);
INSERT INTO `ValorIndicador` (`IdIndicador`, `Fecha`, `Valor`, `Estado`, `Variacion`, `SignoVariacion`, `Observaciones`) VALUES (2, '2009-03-01 00:00:00', 207.870472541507, 'A DEFINIR', 3.95009839274877, 1, NULL);
INSERT INTO `ValorIndicador` (`IdIndicador`, `Fecha`, `Valor`, `Estado`, `Variacion`, `SignoVariacion`, `Observaciones`) VALUES (2, '2009-04-01 00:00:00', 204.629883161512, 'A DEFINIR', 3.24058937999533, 1, NULL);
INSERT INTO `ValorIndicador` (`IdIndicador`, `Fecha`, `Valor`, `Estado`, `Variacion`, `SignoVariacion`, `Observaciones`) VALUES (2, '2009-05-01 00:00:00', 199.863411675512, 'A DEFINIR', 4.76647148600034, 1, NULL);
INSERT INTO `ValorIndicador` (`IdIndicador`, `Fecha`, `Valor`, `Estado`, `Variacion`, `SignoVariacion`, `Observaciones`) VALUES (2, '2009-06-01 00:00:00', 200.60856779661, 'A DEFINIR', .745156121098631, -1, NULL);
INSERT INTO `ValorIndicador` (`IdIndicador`, `Fecha`, `Valor`, `Estado`, `Variacion`, `SignoVariacion`, `Observaciones`) VALUES (2, '2009-07-01 00:00:00', 197.04065679926, 'A DEFINIR', 3.56791099735014, 1, NULL);
INSERT INTO `ValorIndicador` (`IdIndicador`, `Fecha`, `Valor`, `Estado`, `Variacion`, `SignoVariacion`, `Observaciones`) VALUES (2, '2009-08-01 00:00:00', 206.811138996139, 'A DEFINIR', 9.7704821968791, -1, NULL);
INSERT INTO `ValorIndicador` (`IdIndicador`, `Fecha`, `Valor`, `Estado`, `Variacion`, `SignoVariacion`, `Observaciones`) VALUES (2, '2009-09-01 00:00:00', 201.159333333333, 'A DEFINIR', 5.65180566280571, 1, NULL);
INSERT INTO `ValorIndicador` (`IdIndicador`, `Fecha`, `Valor`, `Estado`, `Variacion`, `SignoVariacion`, `Observaciones`) VALUES (2, '2009-10-01 00:00:00', 218.113653250774, 'A DEFINIR', 16.9543199174408, -1, NULL);
INSERT INTO `ValorIndicador` (`IdIndicador`, `Fecha`, `Valor`, `Estado`, `Variacion`, `SignoVariacion`, `Observaciones`) VALUES (2, '2009-11-01 00:00:00', 237.014801288937, 'A DEFINIR', 18.9011480381625, -1, NULL);
INSERT INTO `ValorIndicador` (`IdIndicador`, `Fecha`, `Valor`, `Estado`, `Variacion`, `SignoVariacion`, `Observaciones`) VALUES (2, '2009-12-01 00:00:00', 255.898360655738, 'A DEFINIR', 18.8835593668011, -1, NULL);
INSERT INTO `ValorIndicador` (`IdIndicador`, `Fecha`, `Valor`, `Estado`, `Variacion`, `SignoVariacion`, `Observaciones`) VALUES (2, '2010-01-01 00:00:00', 271.925446898002, 'A DEFINIR', 16.0270862422639, -1, NULL);
INSERT INTO `ValorIndicador` (`IdIndicador`, `Fecha`, `Valor`, `Estado`, `Variacion`, `SignoVariacion`, `Observaciones`) VALUES (2, '2010-02-01 00:00:00', 282.727151767152, 'A DEFINIR', 10.8017048691501, -1, NULL);
INSERT INTO `ValorIndicador` (`IdIndicador`, `Fecha`, `Valor`, `Estado`, `Variacion`, `SignoVariacion`, `Observaciones`) VALUES (2, '2010-03-01 00:00:00', 297.765035105316, 'A DEFINIR', 15.0378833381641, -1, NULL);
INSERT INTO `ValorIndicador` (`IdIndicador`, `Fecha`, `Valor`, `Estado`, `Variacion`, `SignoVariacion`, `Observaciones`) VALUES (2, '2010-04-01 00:00:00', 310.407723048327, 'A DEFINIR', 12.6426879430113, -1, NULL);
INSERT INTO `ValorIndicador` (`IdIndicador`, `Fecha`, `Valor`, `Estado`, `Variacion`, `SignoVariacion`, `Observaciones`) VALUES (2, '2010-05-01 00:00:00', 320.093700642792, 'A DEFINIR', 9.68597759446448, -1, NULL);
INSERT INTO `ValorIndicador` (`IdIndicador`, `Fecha`, `Valor`, `Estado`, `Variacion`, `SignoVariacion`, `Observaciones`) VALUES (2, '2010-06-01 00:00:00', 357.348052173913, 'A DEFINIR', 37.2543515311216, -1, NULL);
INSERT INTO `ValorIndicador` (`IdIndicador`, `Fecha`, `Valor`, `Estado`, `Variacion`, `SignoVariacion`, `Observaciones`) VALUES (2, '2010-07-01 00:00:00', 368.499026028548, 'A DEFINIR', 11.1509738546349, -1, NULL);
INSERT INTO `ValorIndicador` (`IdIndicador`, `Fecha`, `Valor`, `Estado`, `Variacion`, `SignoVariacion`, `Observaciones`) VALUES (2, '2010-08-01 00:00:00', 399.804493487699, 'A DEFINIR', 31.3054674591508, -1, NULL);
INSERT INTO `ValorIndicador` (`IdIndicador`, `Fecha`, `Valor`, `Estado`, `Variacion`, `SignoVariacion`, `Observaciones`) VALUES (2, '2010-09-01 00:00:00', 399.531173501577, 'A DEFINIR', .273319986122146, 1, NULL);
INSERT INTO `ValorIndicador` (`IdIndicador`, `Fecha`, `Valor`, `Estado`, `Variacion`, `SignoVariacion`, `Observaciones`) VALUES (2, '2010-10-01 00:00:00', 407.995217125383, 'A DEFINIR', 8.46404362380582, -1, NULL);
INSERT INTO `ValorIndicador` (`IdIndicador`, `Fecha`, `Valor`, `Estado`, `Variacion`, `SignoVariacion`, `Observaciones`) VALUES (2, '2010-11-01 00:00:00', 422.066823956442, 'A DEFINIR', 14.0716068310599, -1, NULL);
INSERT INTO `ValorIndicador` (`IdIndicador`, `Fecha`, `Valor`, `Estado`, `Variacion`, `SignoVariacion`, `Observaciones`) VALUES (2, '2010-12-01 00:00:00', 445.358680263948, 'A DEFINIR', 23.291856307505, -1, NULL);
INSERT INTO `ValorIndicador` (`IdIndicador`, `Fecha`, `Valor`, `Estado`, `Variacion`, `SignoVariacion`, `Observaciones`) VALUES (2, '2011-01-01 00:00:00', 466.280223623854, 'A DEFINIR', 20.921543359906, -1, NULL);
INSERT INTO `ValorIndicador` (`IdIndicador`, `Fecha`, `Valor`, `Estado`, `Variacion`, `SignoVariacion`, `Observaciones`) VALUES (2, '2011-02-01 00:00:00', 480.633928170595, 'A DEFINIR', 14.3537045467415, -1, NULL);
INSERT INTO `ValorIndicador` (`IdIndicador`, `Fecha`, `Valor`, `Estado`, `Variacion`, `SignoVariacion`, `Observaciones`) VALUES (2, '2011-03-01 00:00:00', 497.164475487611, 'A DEFINIR', 16.5305473170164, -1, NULL);
INSERT INTO `ValorIndicador` (`IdIndicador`, `Fecha`, `Valor`, `Estado`, `Variacion`, `SignoVariacion`, `Observaciones`) VALUES (2, '2011-04-01 00:00:00', 492.687524319066, 'A DEFINIR', 4.47695116854521, 1, NULL);
INSERT INTO `ValorIndicador` (`IdIndicador`, `Fecha`, `Valor`, `Estado`, `Variacion`, `SignoVariacion`, `Observaciones`) VALUES (2, '2011-05-01 00:00:00', 494.692753424658, 'A DEFINIR', 2.00522910559164, -1, NULL);
INSERT INTO `ValorIndicador` (`IdIndicador`, `Fecha`, `Valor`, `Estado`, `Variacion`, `SignoVariacion`, `Observaciones`) VALUES (2, '2011-06-01 00:00:00', 521.845956354299, 'A DEFINIR', 27.1532029296416, -1, NULL);
INSERT INTO `ValorIndicador` (`IdIndicador`, `Fecha`, `Valor`, `Estado`, `Variacion`, `SignoVariacion`, `Observaciones`) VALUES (2, '2011-07-01 00:00:00', 520.441020151134, 'A DEFINIR', 1.4049362031659, 1, NULL);
INSERT INTO `ValorIndicador` (`IdIndicador`, `Fecha`, `Valor`, `Estado`, `Variacion`, `SignoVariacion`, `Observaciones`) VALUES (2, '2011-08-01 00:00:00', 556.320186433955, 'A DEFINIR', 35.8791662828219, -1, NULL);
INSERT INTO `ValorIndicador` (`IdIndicador`, `Fecha`, `Valor`, `Estado`, `Variacion`, `SignoVariacion`, `Observaciones`) VALUES (2, '2011-09-01 00:00:00', 552.887191650852, 'A DEFINIR', 3.43299478310371, 1, NULL);
INSERT INTO `ValorIndicador` (`IdIndicador`, `Fecha`, `Valor`, `Estado`, `Variacion`, `SignoVariacion`, `Observaciones`) VALUES (2, '2011-10-01 00:00:00', 549.822525252525, 'A DEFINIR', 3.06466639832718, 1, NULL);
INSERT INTO `ValorIndicador` (`IdIndicador`, `Fecha`, `Valor`, `Estado`, `Variacion`, `SignoVariacion`, `Observaciones`) VALUES (2, '2011-11-01 00:00:00', 546.427733136748, 'A DEFINIR', 3.39479211577634, 1, NULL);
INSERT INTO `ValorIndicador` (`IdIndicador`, `Fecha`, `Valor`, `Estado`, `Variacion`, `SignoVariacion`, `Observaciones`) VALUES (2, '2011-12-01 00:00:00', 564.67509337239, 'A DEFINIR', 18.2473602356421, -1, NULL);
INSERT INTO `ValorIndicador` (`IdIndicador`, `Fecha`, `Valor`, `Estado`, `Variacion`, `SignoVariacion`, `Observaciones`) VALUES (2, '2012-01-01 00:00:00', 570.508676363635, 'A DEFINIR', 5.83358299124438, -1, NULL);
INSERT INTO `ValorIndicador` (`IdIndicador`, `Fecha`, `Valor`, `Estado`, `Variacion`, `SignoVariacion`, `Observaciones`) VALUES (2, '2012-02-01 00:00:00', 599.748706647399, 'A DEFINIR', 29.2400302837639, -1, NULL);
INSERT INTO `ValorIndicador` (`IdIndicador`, `Fecha`, `Valor`, `Estado`, `Variacion`, `SignoVariacion`, `Observaciones`) VALUES (2, '2012-03-01 00:00:00', 633.252689222184, 'A DEFINIR', 33.5039825747859, -1, NULL);
INSERT INTO `ValorIndicador` (`IdIndicador`, `Fecha`, `Valor`, `Estado`, `Variacion`, `SignoVariacion`, `Observaciones`) VALUES (2, '2012-04-01 00:00:00', 640.633680509043, 'A DEFINIR', 7.3809912868586, -1, NULL);
INSERT INTO `ValorIndicador` (`IdIndicador`, `Fecha`, `Valor`, `Estado`, `Variacion`, `SignoVariacion`, `Observaciones`) VALUES (2, '2012-05-01 00:00:00', 631.462448709463, 'A DEFINIR', 9.17123179958037, 1, NULL);
INSERT INTO `ValorIndicador` (`IdIndicador`, `Fecha`, `Valor`, `Estado`, `Variacion`, `SignoVariacion`, `Observaciones`) VALUES (2, '2012-06-01 00:00:00', 653.398123985719, 'A DEFINIR', 21.9356752762562, -1, NULL);
INSERT INTO `ValorIndicador` (`IdIndicador`, `Fecha`, `Valor`, `Estado`, `Variacion`, `SignoVariacion`, `Observaciones`) VALUES (2, '2012-07-01 00:00:00', 662.96686552725, 'A DEFINIR', 9.56874154153059, -1, NULL);
INSERT INTO `ValorIndicador` (`IdIndicador`, `Fecha`, `Valor`, `Estado`, `Variacion`, `SignoVariacion`, `Observaciones`) VALUES (3, '2007-08-01 00:00:00', 85, 'A DEFINIR', 0, -1, NULL);
INSERT INTO `ValorIndicador` (`IdIndicador`, `Fecha`, `Valor`, `Estado`, `Variacion`, `SignoVariacion`, `Observaciones`) VALUES (3, '2007-09-01 00:00:00', 131, 'A DEFINIR', 46, -1, NULL);
INSERT INTO `ValorIndicador` (`IdIndicador`, `Fecha`, `Valor`, `Estado`, `Variacion`, `SignoVariacion`, `Observaciones`) VALUES (3, '2007-10-01 00:00:00', 187, 'A DEFINIR', 56, -1, NULL);
INSERT INTO `ValorIndicador` (`IdIndicador`, `Fecha`, `Valor`, `Estado`, `Variacion`, `SignoVariacion`, `Observaciones`) VALUES (3, '2007-11-01 00:00:00', 210, 'A DEFINIR', 23, -1, NULL);
INSERT INTO `ValorIndicador` (`IdIndicador`, `Fecha`, `Valor`, `Estado`, `Variacion`, `SignoVariacion`, `Observaciones`) VALUES (3, '2007-12-01 00:00:00', 279, 'A DEFINIR', 69, -1, NULL);
INSERT INTO `ValorIndicador` (`IdIndicador`, `Fecha`, `Valor`, `Estado`, `Variacion`, `SignoVariacion`, `Observaciones`) VALUES (3, '2008-01-01 00:00:00', 328, 'A DEFINIR', 49, -1, NULL);
INSERT INTO `ValorIndicador` (`IdIndicador`, `Fecha`, `Valor`, `Estado`, `Variacion`, `SignoVariacion`, `Observaciones`) VALUES (3, '2008-02-01 00:00:00', 400, 'A DEFINIR', 72, -1, NULL);
INSERT INTO `ValorIndicador` (`IdIndicador`, `Fecha`, `Valor`, `Estado`, `Variacion`, `SignoVariacion`, `Observaciones`) VALUES (3, '2008-03-01 00:00:00', 446, 'A DEFINIR', 46, -1, NULL);
INSERT INTO `ValorIndicador` (`IdIndicador`, `Fecha`, `Valor`, `Estado`, `Variacion`, `SignoVariacion`, `Observaciones`) VALUES (3, '2008-04-01 00:00:00', 481, 'A DEFINIR', 35, -1, NULL);
INSERT INTO `ValorIndicador` (`IdIndicador`, `Fecha`, `Valor`, `Estado`, `Variacion`, `SignoVariacion`, `Observaciones`) VALUES (3, '2008-05-01 00:00:00', 596, 'A DEFINIR', 115, -1, NULL);
INSERT INTO `ValorIndicador` (`IdIndicador`, `Fecha`, `Valor`, `Estado`, `Variacion`, `SignoVariacion`, `Observaciones`) VALUES (3, '2008-06-01 00:00:00', 674, 'A DEFINIR', 78, -1, NULL);
INSERT INTO `ValorIndicador` (`IdIndicador`, `Fecha`, `Valor`, `Estado`, `Variacion`, `SignoVariacion`, `Observaciones`) VALUES (3, '2008-07-01 00:00:00', 769, 'A DEFINIR', 95, -1, NULL);
INSERT INTO `ValorIndicador` (`IdIndicador`, `Fecha`, `Valor`, `Estado`, `Variacion`, `SignoVariacion`, `Observaciones`) VALUES (3, '2008-08-01 00:00:00', 835, 'A DEFINIR', 66, -1, NULL);
INSERT INTO `ValorIndicador` (`IdIndicador`, `Fecha`, `Valor`, `Estado`, `Variacion`, `SignoVariacion`, `Observaciones`) VALUES (3, '2008-09-01 00:00:00', 827, 'A DEFINIR', 8, 1, NULL);
INSERT INTO `ValorIndicador` (`IdIndicador`, `Fecha`, `Valor`, `Estado`, `Variacion`, `SignoVariacion`, `Observaciones`) VALUES (3, '2008-10-01 00:00:00', 947, 'A DEFINIR', 120, -1, NULL);
INSERT INTO `ValorIndicador` (`IdIndicador`, `Fecha`, `Valor`, `Estado`, `Variacion`, `SignoVariacion`, `Observaciones`) VALUES (3, '2008-11-01 00:00:00', 950, 'A DEFINIR', 3, -1, NULL);
INSERT INTO `ValorIndicador` (`IdIndicador`, `Fecha`, `Valor`, `Estado`, `Variacion`, `SignoVariacion`, `Observaciones`) VALUES (3, '2008-12-01 00:00:00', 994, 'A DEFINIR', 44, -1, NULL);
INSERT INTO `ValorIndicador` (`IdIndicador`, `Fecha`, `Valor`, `Estado`, `Variacion`, `SignoVariacion`, `Observaciones`) VALUES (3, '2009-01-01 00:00:00', 1036, 'A DEFINIR', 42, -1, NULL);
INSERT INTO `ValorIndicador` (`IdIndicador`, `Fecha`, `Valor`, `Estado`, `Variacion`, `SignoVariacion`, `Observaciones`) VALUES (3, '2009-02-01 00:00:00', 1101, 'A DEFINIR', 65, -1, NULL);
INSERT INTO `ValorIndicador` (`IdIndicador`, `Fecha`, `Valor`, `Estado`, `Variacion`, `SignoVariacion`, `Observaciones`) VALUES (3, '2009-03-01 00:00:00', 1034, 'A DEFINIR', 67, 1, NULL);
INSERT INTO `ValorIndicador` (`IdIndicador`, `Fecha`, `Valor`, `Estado`, `Variacion`, `SignoVariacion`, `Observaciones`) VALUES (3, '2009-04-01 00:00:00', 1003, 'A DEFINIR', 31, 1, NULL);
INSERT INTO `ValorIndicador` (`IdIndicador`, `Fecha`, `Valor`, `Estado`, `Variacion`, `SignoVariacion`, `Observaciones`) VALUES (3, '2009-05-01 00:00:00', 972, 'A DEFINIR', 31, 1, NULL);
INSERT INTO `ValorIndicador` (`IdIndicador`, `Fecha`, `Valor`, `Estado`, `Variacion`, `SignoVariacion`, `Observaciones`) VALUES (3, '2009-06-01 00:00:00', 913, 'A DEFINIR', 59, 1, NULL);
INSERT INTO `ValorIndicador` (`IdIndicador`, `Fecha`, `Valor`, `Estado`, `Variacion`, `SignoVariacion`, `Observaciones`) VALUES (3, '2009-07-01 00:00:00', 897, 'A DEFINIR', 16, 1, NULL);
INSERT INTO `ValorIndicador` (`IdIndicador`, `Fecha`, `Valor`, `Estado`, `Variacion`, `SignoVariacion`, `Observaciones`) VALUES (3, '2009-08-01 00:00:00', 822, 'A DEFINIR', 75, 1, NULL);
INSERT INTO `ValorIndicador` (`IdIndicador`, `Fecha`, `Valor`, `Estado`, `Variacion`, `SignoVariacion`, `Observaciones`) VALUES (3, '2009-09-01 00:00:00', 788, 'A DEFINIR', 34, 1, NULL);
INSERT INTO `ValorIndicador` (`IdIndicador`, `Fecha`, `Valor`, `Estado`, `Variacion`, `SignoVariacion`, `Observaciones`) VALUES (3, '2009-10-01 00:00:00', 757, 'A DEFINIR', 31, 1, NULL);
INSERT INTO `ValorIndicador` (`IdIndicador`, `Fecha`, `Valor`, `Estado`, `Variacion`, `SignoVariacion`, `Observaciones`) VALUES (3, '2009-11-01 00:00:00', 734, 'A DEFINIR', 23, 1, NULL);
INSERT INTO `ValorIndicador` (`IdIndicador`, `Fecha`, `Valor`, `Estado`, `Variacion`, `SignoVariacion`, `Observaciones`) VALUES (3, '2009-12-01 00:00:00', 713, 'A DEFINIR', 21, 1, NULL);
INSERT INTO `ValorIndicador` (`IdIndicador`, `Fecha`, `Valor`, `Estado`, `Variacion`, `SignoVariacion`, `Observaciones`) VALUES (3, '2010-01-01 00:00:00', 691, 'A DEFINIR', 22, 1, NULL);
INSERT INTO `ValorIndicador` (`IdIndicador`, `Fecha`, `Valor`, `Estado`, `Variacion`, `SignoVariacion`, `Observaciones`) VALUES (3, '2010-02-01 00:00:00', 685, 'A DEFINIR', 6, 1, NULL);
INSERT INTO `ValorIndicador` (`IdIndicador`, `Fecha`, `Valor`, `Estado`, `Variacion`, `SignoVariacion`, `Observaciones`) VALUES (3, '2010-03-01 00:00:00', 674, 'A DEFINIR', 11, 1, NULL);
INSERT INTO `ValorIndicador` (`IdIndicador`, `Fecha`, `Valor`, `Estado`, `Variacion`, `SignoVariacion`, `Observaciones`) VALUES (3, '2010-04-01 00:00:00', 684, 'A DEFINIR', 10, -1, NULL);
INSERT INTO `ValorIndicador` (`IdIndicador`, `Fecha`, `Valor`, `Estado`, `Variacion`, `SignoVariacion`, `Observaciones`) VALUES (3, '2010-05-01 00:00:00', 671, 'A DEFINIR', 13, 1, NULL);
INSERT INTO `ValorIndicador` (`IdIndicador`, `Fecha`, `Valor`, `Estado`, `Variacion`, `SignoVariacion`, `Observaciones`) VALUES (3, '2010-06-01 00:00:00', 688, 'A DEFINIR', 17, -1, NULL);
INSERT INTO `ValorIndicador` (`IdIndicador`, `Fecha`, `Valor`, `Estado`, `Variacion`, `SignoVariacion`, `Observaciones`) VALUES (3, '2010-07-01 00:00:00', 665, 'A DEFINIR', 23, 1, NULL);
INSERT INTO `ValorIndicador` (`IdIndicador`, `Fecha`, `Valor`, `Estado`, `Variacion`, `SignoVariacion`, `Observaciones`) VALUES (3, '2010-08-01 00:00:00', 653, 'A DEFINIR', 12, 1, NULL);
INSERT INTO `ValorIndicador` (`IdIndicador`, `Fecha`, `Valor`, `Estado`, `Variacion`, `SignoVariacion`, `Observaciones`) VALUES (3, '2010-09-01 00:00:00', 661, 'A DEFINIR', 8, -1, NULL);
INSERT INTO `ValorIndicador` (`IdIndicador`, `Fecha`, `Valor`, `Estado`, `Variacion`, `SignoVariacion`, `Observaciones`) VALUES (3, '2010-10-01 00:00:00', 679, 'A DEFINIR', 18, -1, NULL);
INSERT INTO `ValorIndicador` (`IdIndicador`, `Fecha`, `Valor`, `Estado`, `Variacion`, `SignoVariacion`, `Observaciones`) VALUES (3, '2010-11-01 00:00:00', 710, 'A DEFINIR', 31, -1, NULL);
INSERT INTO `ValorIndicador` (`IdIndicador`, `Fecha`, `Valor`, `Estado`, `Variacion`, `SignoVariacion`, `Observaciones`) VALUES (3, '2010-12-01 00:00:00', 737, 'A DEFINIR', 27, -1, NULL);
INSERT INTO `ValorIndicador` (`IdIndicador`, `Fecha`, `Valor`, `Estado`, `Variacion`, `SignoVariacion`, `Observaciones`) VALUES (3, '2011-01-01 00:00:00', 749, 'A DEFINIR', 12, -1, NULL);
INSERT INTO `ValorIndicador` (`IdIndicador`, `Fecha`, `Valor`, `Estado`, `Variacion`, `SignoVariacion`, `Observaciones`) VALUES (3, '2011-02-01 00:00:00', 767, 'A DEFINIR', 18, -1, NULL);
INSERT INTO `ValorIndicador` (`IdIndicador`, `Fecha`, `Valor`, `Estado`, `Variacion`, `SignoVariacion`, `Observaciones`) VALUES (3, '2011-03-01 00:00:00', 725, 'A DEFINIR', 42, 1, NULL);
INSERT INTO `ValorIndicador` (`IdIndicador`, `Fecha`, `Valor`, `Estado`, `Variacion`, `SignoVariacion`, `Observaciones`) VALUES (3, '2011-04-01 00:00:00', 761, 'A DEFINIR', 36, -1, NULL);
INSERT INTO `ValorIndicador` (`IdIndicador`, `Fecha`, `Valor`, `Estado`, `Variacion`, `SignoVariacion`, `Observaciones`) VALUES (3, '2011-05-01 00:00:00', 786, 'A DEFINIR', 25, -1, NULL);
INSERT INTO `ValorIndicador` (`IdIndicador`, `Fecha`, `Valor`, `Estado`, `Variacion`, `SignoVariacion`, `Observaciones`) VALUES (3, '2011-06-01 00:00:00', 814, 'A DEFINIR', 28, -1, NULL);
INSERT INTO `ValorIndicador` (`IdIndicador`, `Fecha`, `Valor`, `Estado`, `Variacion`, `SignoVariacion`, `Observaciones`) VALUES (3, '2011-07-01 00:00:00', 837, 'A DEFINIR', 23, -1, NULL);
INSERT INTO `ValorIndicador` (`IdIndicador`, `Fecha`, `Valor`, `Estado`, `Variacion`, `SignoVariacion`, `Observaciones`) VALUES (3, '2011-08-01 00:00:00', 849, 'A DEFINIR', 12, -1, NULL);
INSERT INTO `ValorIndicador` (`IdIndicador`, `Fecha`, `Valor`, `Estado`, `Variacion`, `SignoVariacion`, `Observaciones`) VALUES (3, '2011-09-01 00:00:00', 861, 'A DEFINIR', 12, -1, NULL);
INSERT INTO `ValorIndicador` (`IdIndicador`, `Fecha`, `Valor`, `Estado`, `Variacion`, `SignoVariacion`, `Observaciones`) VALUES (3, '2011-10-01 00:00:00', 893, 'A DEFINIR', 32, -1, NULL);
INSERT INTO `ValorIndicador` (`IdIndicador`, `Fecha`, `Valor`, `Estado`, `Variacion`, `SignoVariacion`, `Observaciones`) VALUES (3, '2011-11-01 00:00:00', 886, 'A DEFINIR', 7, 1, NULL);
INSERT INTO `ValorIndicador` (`IdIndicador`, `Fecha`, `Valor`, `Estado`, `Variacion`, `SignoVariacion`, `Observaciones`) VALUES (3, '2011-12-01 00:00:00', 881, 'A DEFINIR', 5, 1, NULL);
INSERT INTO `ValorIndicador` (`IdIndicador`, `Fecha`, `Valor`, `Estado`, `Variacion`, `SignoVariacion`, `Observaciones`) VALUES (3, '2012-01-01 00:00:00', 965, 'A DEFINIR', 84, -1, NULL);
INSERT INTO `ValorIndicador` (`IdIndicador`, `Fecha`, `Valor`, `Estado`, `Variacion`, `SignoVariacion`, `Observaciones`) VALUES (3, '2012-02-01 00:00:00', 1003, 'A DEFINIR', 38, -1, NULL);
INSERT INTO `ValorIndicador` (`IdIndicador`, `Fecha`, `Valor`, `Estado`, `Variacion`, `SignoVariacion`, `Observaciones`) VALUES (3, '2012-03-01 00:00:00', 996, 'A DEFINIR', 7, 1, NULL);
INSERT INTO `ValorIndicador` (`IdIndicador`, `Fecha`, `Valor`, `Estado`, `Variacion`, `SignoVariacion`, `Observaciones`) VALUES (3, '2012-04-01 00:00:00', 1075, 'A DEFINIR', 79, -1, NULL);
INSERT INTO `ValorIndicador` (`IdIndicador`, `Fecha`, `Valor`, `Estado`, `Variacion`, `SignoVariacion`, `Observaciones`) VALUES (3, '2012-05-01 00:00:00', 1068, 'A DEFINIR', 7, 1, NULL);
INSERT INTO `ValorIndicador` (`IdIndicador`, `Fecha`, `Valor`, `Estado`, `Variacion`, `SignoVariacion`, `Observaciones`) VALUES (3, '2012-06-01 00:00:00', 1067, 'A DEFINIR', 1, 1, NULL);
INSERT INTO `ValorIndicador` (`IdIndicador`, `Fecha`, `Valor`, `Estado`, `Variacion`, `SignoVariacion`, `Observaciones`) VALUES (3, '2012-07-01 00:00:00', 1075, 'A DEFINIR', 8, -1, NULL);
INSERT INTO `ValorIndicador` (`IdIndicador`, `Fecha`, `Valor`, `Estado`, `Variacion`, `SignoVariacion`, `Observaciones`) VALUES (4, '2007-08-01 00:00:00', 4454.72, 'A DEFINIR', 0, -1, NULL);
INSERT INTO `ValorIndicador` (`IdIndicador`, `Fecha`, `Valor`, `Estado`, `Variacion`, `SignoVariacion`, `Observaciones`) VALUES (4, '2007-09-01 00:00:00', 6914.84, 'A DEFINIR', 2460.12, -1, NULL);
INSERT INTO `ValorIndicador` (`IdIndicador`, `Fecha`, `Valor`, `Estado`, `Variacion`, `SignoVariacion`, `Observaciones`) VALUES (4, '2007-10-01 00:00:00', 10545.57, 'A DEFINIR', 3630.73, -1, NULL);
INSERT INTO `ValorIndicador` (`IdIndicador`, `Fecha`, `Valor`, `Estado`, `Variacion`, `SignoVariacion`, `Observaciones`) VALUES (4, '2007-11-01 00:00:00', 15215.38, 'A DEFINIR', 4669.81000000001, -1, NULL);
INSERT INTO `ValorIndicador` (`IdIndicador`, `Fecha`, `Valor`, `Estado`, `Variacion`, `SignoVariacion`, `Observaciones`) VALUES (4, '2007-12-01 00:00:00', 21472.35, 'A DEFINIR', 6256.97, -1, NULL);
INSERT INTO `ValorIndicador` (`IdIndicador`, `Fecha`, `Valor`, `Estado`, `Variacion`, `SignoVariacion`, `Observaciones`) VALUES (4, '2008-01-01 00:00:00', 26760.12, 'A DEFINIR', 5287.76999999999, -1, NULL);
INSERT INTO `ValorIndicador` (`IdIndicador`, `Fecha`, `Valor`, `Estado`, `Variacion`, `SignoVariacion`, `Observaciones`) VALUES (4, '2008-02-01 00:00:00', 34783.69, 'A DEFINIR', 8023.57000000001, -1, NULL);
INSERT INTO `ValorIndicador` (`IdIndicador`, `Fecha`, `Valor`, `Estado`, `Variacion`, `SignoVariacion`, `Observaciones`) VALUES (4, '2008-03-01 00:00:00', 45493.23, 'A DEFINIR', 10709.54, -1, NULL);
INSERT INTO `ValorIndicador` (`IdIndicador`, `Fecha`, `Valor`, `Estado`, `Variacion`, `SignoVariacion`, `Observaciones`) VALUES (4, '2008-04-01 00:00:00', 54228.3, 'A DEFINIR', 8735.07000000004, -1, NULL);
INSERT INTO `ValorIndicador` (`IdIndicador`, `Fecha`, `Valor`, `Estado`, `Variacion`, `SignoVariacion`, `Observaciones`) VALUES (4, '2008-05-01 00:00:00', 67322.0799999999, 'A DEFINIR', 13093.7799999999, -1, NULL);
INSERT INTO `ValorIndicador` (`IdIndicador`, `Fecha`, `Valor`, `Estado`, `Variacion`, `SignoVariacion`, `Observaciones`) VALUES (4, '2008-06-01 00:00:00', 81969.4799999999, 'A DEFINIR', 14647.4, -1, NULL);
INSERT INTO `ValorIndicador` (`IdIndicador`, `Fecha`, `Valor`, `Estado`, `Variacion`, `SignoVariacion`, `Observaciones`) VALUES (4, '2008-07-01 00:00:00', 94862.6699999999, 'A DEFINIR', 12893.19, -1, NULL);
INSERT INTO `ValorIndicador` (`IdIndicador`, `Fecha`, `Valor`, `Estado`, `Variacion`, `SignoVariacion`, `Observaciones`) VALUES (4, '2008-08-01 00:00:00', 111883.81, 'A DEFINIR', 17021.14, -1, NULL);
INSERT INTO `ValorIndicador` (`IdIndicador`, `Fecha`, `Valor`, `Estado`, `Variacion`, `SignoVariacion`, `Observaciones`) VALUES (4, '2008-09-01 00:00:00', 126094.3, 'A DEFINIR', 14210.4900000001, -1, NULL);
INSERT INTO `ValorIndicador` (`IdIndicador`, `Fecha`, `Valor`, `Estado`, `Variacion`, `SignoVariacion`, `Observaciones`) VALUES (4, '2008-10-01 00:00:00', 144970.91, 'A DEFINIR', 18876.6100000001, -1, NULL);
INSERT INTO `ValorIndicador` (`IdIndicador`, `Fecha`, `Valor`, `Estado`, `Variacion`, `SignoVariacion`, `Observaciones`) VALUES (4, '2008-11-01 00:00:00', 158668.76, 'A DEFINIR', 13697.8499999999, -1, NULL);
INSERT INTO `ValorIndicador` (`IdIndicador`, `Fecha`, `Valor`, `Estado`, `Variacion`, `SignoVariacion`, `Observaciones`) VALUES (4, '2008-12-01 00:00:00', 173744.5, 'A DEFINIR', 15075.7399999997, -1, NULL);
INSERT INTO `ValorIndicador` (`IdIndicador`, `Fecha`, `Valor`, `Estado`, `Variacion`, `SignoVariacion`, `Observaciones`) VALUES (4, '2009-01-01 00:00:00', 190043.62, 'A DEFINIR', 16299.1200000005, -1, NULL);
INSERT INTO `ValorIndicador` (`IdIndicador`, `Fecha`, `Valor`, `Estado`, `Variacion`, `SignoVariacion`, `Observaciones`) VALUES (4, '2009-02-01 00:00:00', 208329.86, 'A DEFINIR', 18286.24, -1, NULL);
INSERT INTO `ValorIndicador` (`IdIndicador`, `Fecha`, `Valor`, `Estado`, `Variacion`, `SignoVariacion`, `Observaciones`) VALUES (4, '2009-03-01 00:00:00', 215771.31, 'A DEFINIR', 7441.44999999952, -1, NULL);
INSERT INTO `ValorIndicador` (`IdIndicador`, `Fecha`, `Valor`, `Estado`, `Variacion`, `SignoVariacion`, `Observaciones`) VALUES (4, '2009-04-01 00:00:00', 222325.76, 'A DEFINIR', 6554.45000000019, -1, NULL);
INSERT INTO `ValorIndicador` (`IdIndicador`, `Fecha`, `Valor`, `Estado`, `Variacion`, `SignoVariacion`, `Observaciones`) VALUES (4, '2009-05-01 00:00:00', 223981.1, 'A DEFINIR', 1655.34000000003, -1, NULL);
INSERT INTO `ValorIndicador` (`IdIndicador`, `Fecha`, `Valor`, `Estado`, `Variacion`, `SignoVariacion`, `Observaciones`) VALUES (4, '2009-06-01 00:00:00', 222450.42, 'A DEFINIR', 1530.67999999999, 1, NULL);
INSERT INTO `ValorIndicador` (`IdIndicador`, `Fecha`, `Valor`, `Estado`, `Variacion`, `SignoVariacion`, `Observaciones`) VALUES (4, '2009-07-01 00:00:00', 226604.6, 'A DEFINIR', 4154.18000000008, -1, NULL);
INSERT INTO `ValorIndicador` (`IdIndicador`, `Fecha`, `Valor`, `Estado`, `Variacion`, `SignoVariacion`, `Observaciones`) VALUES (4, '2009-08-01 00:00:00', 222633.11, 'A DEFINIR', 3971.49000000011, 1, NULL);
INSERT INTO `ValorIndicador` (`IdIndicador`, `Fecha`, `Valor`, `Estado`, `Variacion`, `SignoVariacion`, `Observaciones`) VALUES (4, '2009-09-01 00:00:00', 222053.22, 'A DEFINIR', 579.88999999981, 1, NULL);
INSERT INTO `ValorIndicador` (`IdIndicador`, `Fecha`, `Valor`, `Estado`, `Variacion`, `SignoVariacion`, `Observaciones`) VALUES (4, '2009-10-01 00:00:00', 217457.97, 'A DEFINIR', 4595.2500000002, 1, NULL);
INSERT INTO `ValorIndicador` (`IdIndicador`, `Fecha`, `Valor`, `Estado`, `Variacion`, `SignoVariacion`, `Observaciones`) VALUES (4, '2009-11-01 00:00:00', 214967.34, 'A DEFINIR', 2490.62999999989, 1, NULL);
INSERT INTO `ValorIndicador` (`IdIndicador`, `Fecha`, `Valor`, `Estado`, `Variacion`, `SignoVariacion`, `Observaciones`) VALUES (4, '2009-12-01 00:00:00', 215075.28, 'A DEFINIR', 107.940000000002, -1, NULL);
INSERT INTO `ValorIndicador` (`IdIndicador`, `Fecha`, `Valor`, `Estado`, `Variacion`, `SignoVariacion`, `Observaciones`) VALUES (4, '2010-01-01 00:00:00', 214628.18, 'A DEFINIR', 447.099999999919, 1, NULL);
INSERT INTO `ValorIndicador` (`IdIndicador`, `Fecha`, `Valor`, `Estado`, `Variacion`, `SignoVariacion`, `Observaciones`) VALUES (4, '2010-02-01 00:00:00', 217853.33, 'A DEFINIR', 3225.14999999988, -1, NULL);
INSERT INTO `ValorIndicador` (`IdIndicador`, `Fecha`, `Valor`, `Estado`, `Variacion`, `SignoVariacion`, `Observaciones`) VALUES (4, '2010-03-01 00:00:00', 221056.03, 'A DEFINIR', 3202.70000000004, -1, NULL);
INSERT INTO `ValorIndicador` (`IdIndicador`, `Fecha`, `Valor`, `Estado`, `Variacion`, `SignoVariacion`, `Observaciones`) VALUES (4, '2010-04-01 00:00:00', 221842.07, 'A DEFINIR', 786.040000000008, -1, NULL);
INSERT INTO `ValorIndicador` (`IdIndicador`, `Fecha`, `Valor`, `Estado`, `Variacion`, `SignoVariacion`, `Observaciones`) VALUES (4, '2010-05-01 00:00:00', 223725.12, 'A DEFINIR', 1883.04999999999, -1, NULL);
INSERT INTO `ValorIndicador` (`IdIndicador`, `Fecha`, `Valor`, `Estado`, `Variacion`, `SignoVariacion`, `Observaciones`) VALUES (4, '2010-06-01 00:00:00', 224869.08, 'A DEFINIR', 1143.95999999993, -1, NULL);
INSERT INTO `ValorIndicador` (`IdIndicador`, `Fecha`, `Valor`, `Estado`, `Variacion`, `SignoVariacion`, `Observaciones`) VALUES (4, '2010-07-01 00:00:00', 224417.59, 'A DEFINIR', 451.489999999932, 1, NULL);
INSERT INTO `ValorIndicador` (`IdIndicador`, `Fecha`, `Valor`, `Estado`, `Variacion`, `SignoVariacion`, `Observaciones`) VALUES (4, '2010-08-01 00:00:00', 226106.32, 'A DEFINIR', 1688.73000000007, -1, NULL);
INSERT INTO `ValorIndicador` (`IdIndicador`, `Fecha`, `Valor`, `Estado`, `Variacion`, `SignoVariacion`, `Observaciones`) VALUES (4, '2010-09-01 00:00:00', 227835.48, 'A DEFINIR', 1729.15999999992, -1, NULL);
INSERT INTO `ValorIndicador` (`IdIndicador`, `Fecha`, `Valor`, `Estado`, `Variacion`, `SignoVariacion`, `Observaciones`) VALUES (4, '2010-10-01 00:00:00', 231088.02, 'A DEFINIR', 3252.54000000004, -1, NULL);
INSERT INTO `ValorIndicador` (`IdIndicador`, `Fecha`, `Valor`, `Estado`, `Variacion`, `SignoVariacion`, `Observaciones`) VALUES (4, '2010-11-01 00:00:00', 233197.92, 'A DEFINIR', 2109.90000000011, -1, NULL);
INSERT INTO `ValorIndicador` (`IdIndicador`, `Fecha`, `Valor`, `Estado`, `Variacion`, `SignoVariacion`, `Observaciones`) VALUES (4, '2010-12-01 00:00:00', 237026.45, 'A DEFINIR', 3828.53, -1, NULL);
INSERT INTO `ValorIndicador` (`IdIndicador`, `Fecha`, `Valor`, `Estado`, `Variacion`, `SignoVariacion`, `Observaciones`) VALUES (4, '2011-01-01 00:00:00', 238921.7, 'A DEFINIR', 1895.25000000003, -1, NULL);
INSERT INTO `ValorIndicador` (`IdIndicador`, `Fecha`, `Valor`, `Estado`, `Variacion`, `SignoVariacion`, `Observaciones`) VALUES (4, '2011-02-01 00:00:00', 241786.94, 'A DEFINIR', 2865.23999999985, -1, NULL);
INSERT INTO `ValorIndicador` (`IdIndicador`, `Fecha`, `Valor`, `Estado`, `Variacion`, `SignoVariacion`, `Observaciones`) VALUES (4, '2011-03-01 00:00:00', 241386.89, 'A DEFINIR', 400.050000000076, 1, NULL);
INSERT INTO `ValorIndicador` (`IdIndicador`, `Fecha`, `Valor`, `Estado`, `Variacion`, `SignoVariacion`, `Observaciones`) VALUES (4, '2011-04-01 00:00:00', 246784.53, 'A DEFINIR', 5397.64000000004, -1, NULL);
INSERT INTO `ValorIndicador` (`IdIndicador`, `Fecha`, `Valor`, `Estado`, `Variacion`, `SignoVariacion`, `Observaciones`) VALUES (4, '2011-05-01 00:00:00', 250919.38, 'A DEFINIR', 4134.84999999998, -1, NULL);
INSERT INTO `ValorIndicador` (`IdIndicador`, `Fecha`, `Valor`, `Estado`, `Variacion`, `SignoVariacion`, `Observaciones`) VALUES (4, '2011-06-01 00:00:00', 257748.33, 'A DEFINIR', 6828.95000000001, -1, NULL);
INSERT INTO `ValorIndicador` (`IdIndicador`, `Fecha`, `Valor`, `Estado`, `Variacion`, `SignoVariacion`, `Observaciones`) VALUES (4, '2011-07-01 00:00:00', 261942.38, 'A DEFINIR', 4194.04999999996, -1, NULL);
INSERT INTO `ValorIndicador` (`IdIndicador`, `Fecha`, `Valor`, `Estado`, `Variacion`, `SignoVariacion`, `Observaciones`) VALUES (4, '2011-08-01 00:00:00', 266493.53, 'A DEFINIR', 4551.14999999976, -1, NULL);
INSERT INTO `ValorIndicador` (`IdIndicador`, `Fecha`, `Valor`, `Estado`, `Variacion`, `SignoVariacion`, `Observaciones`) VALUES (4, '2011-09-01 00:00:00', 273962.48, 'A DEFINIR', 7468.95000000001, -1, NULL);
INSERT INTO `ValorIndicador` (`IdIndicador`, `Fecha`, `Valor`, `Estado`, `Variacion`, `SignoVariacion`, `Observaciones`) VALUES (4, '2011-10-01 00:00:00', 278914.69, 'A DEFINIR', 4952.21000000008, -1, NULL);
INSERT INTO `ValorIndicador` (`IdIndicador`, `Fecha`, `Valor`, `Estado`, `Variacion`, `SignoVariacion`, `Observaciones`) VALUES (4, '2011-11-01 00:00:00', 283014.649999999, 'A DEFINIR', 4099.95999999973, -1, NULL);
INSERT INTO `ValorIndicador` (`IdIndicador`, `Fecha`, `Valor`, `Estado`, `Variacion`, `SignoVariacion`, `Observaciones`) VALUES (4, '2011-12-01 00:00:00', 280308.24, 'A DEFINIR', 2706.40999999963, 1, NULL);
INSERT INTO `ValorIndicador` (`IdIndicador`, `Fecha`, `Valor`, `Estado`, `Variacion`, `SignoVariacion`, `Observaciones`) VALUES (4, '2012-01-01 00:00:00', 291569.98, 'A DEFINIR', 11261.7399999999, -1, NULL);
INSERT INTO `ValorIndicador` (`IdIndicador`, `Fecha`, `Valor`, `Estado`, `Variacion`, `SignoVariacion`, `Observaciones`) VALUES (4, '2012-02-01 00:00:00', 301405.16, 'A DEFINIR', 9835.18000000075, -1, NULL);
INSERT INTO `ValorIndicador` (`IdIndicador`, `Fecha`, `Valor`, `Estado`, `Variacion`, `SignoVariacion`, `Observaciones`) VALUES (4, '2012-03-01 00:00:00', 307620.56, 'A DEFINIR', 6215.39999999932, -1, NULL);
INSERT INTO `ValorIndicador` (`IdIndicador`, `Fecha`, `Valor`, `Estado`, `Variacion`, `SignoVariacion`, `Observaciones`) VALUES (4, '2012-04-01 00:00:00', 318192.05, 'A DEFINIR', 10571.4900000002, -1, NULL);
INSERT INTO `ValorIndicador` (`IdIndicador`, `Fecha`, `Valor`, `Estado`, `Variacion`, `SignoVariacion`, `Observaciones`) VALUES (4, '2012-05-01 00:00:00', 320702.94, 'A DEFINIR', 2510.89000000001, -1, NULL);
INSERT INTO `ValorIndicador` (`IdIndicador`, `Fecha`, `Valor`, `Estado`, `Variacion`, `SignoVariacion`, `Observaciones`) VALUES (4, '2012-06-01 00:00:00', 334777.57, 'A DEFINIR', 14074.6299999997, -1, NULL);
INSERT INTO `ValorIndicador` (`IdIndicador`, `Fecha`, `Valor`, `Estado`, `Variacion`, `SignoVariacion`, `Observaciones`) VALUES (4, '2012-07-01 00:00:00', 332221.5, 'A DEFINIR', 2556.07000000012, 1, NULL);
INSERT INTO `ValorIndicador` (`IdIndicador`, `Fecha`, `Valor`, `Estado`, `Variacion`, `SignoVariacion`, `Observaciones`) VALUES (5, '2007-08-01 00:00:00', 3, 'A DEFINIR', 0, -1, NULL);
INSERT INTO `ValorIndicador` (`IdIndicador`, `Fecha`, `Valor`, `Estado`, `Variacion`, `SignoVariacion`, `Observaciones`) VALUES (5, '2007-09-01 00:00:00', 7, 'A DEFINIR', 4, -1, NULL);
INSERT INTO `ValorIndicador` (`IdIndicador`, `Fecha`, `Valor`, `Estado`, `Variacion`, `SignoVariacion`, `Observaciones`) VALUES (5, '2007-10-01 00:00:00', 10, 'A DEFINIR', 3, -1, NULL);
INSERT INTO `ValorIndicador` (`IdIndicador`, `Fecha`, `Valor`, `Estado`, `Variacion`, `SignoVariacion`, `Observaciones`) VALUES (5, '2007-11-01 00:00:00', 14, 'A DEFINIR', 4, -1, NULL);
INSERT INTO `ValorIndicador` (`IdIndicador`, `Fecha`, `Valor`, `Estado`, `Variacion`, `SignoVariacion`, `Observaciones`) VALUES (5, '2007-12-01 00:00:00', 20, 'A DEFINIR', 6, -1, NULL);
INSERT INTO `ValorIndicador` (`IdIndicador`, `Fecha`, `Valor`, `Estado`, `Variacion`, `SignoVariacion`, `Observaciones`) VALUES (5, '2008-01-01 00:00:00', 33, 'A DEFINIR', 13, -1, NULL);
INSERT INTO `ValorIndicador` (`IdIndicador`, `Fecha`, `Valor`, `Estado`, `Variacion`, `SignoVariacion`, `Observaciones`) VALUES (5, '2008-02-01 00:00:00', 52, 'A DEFINIR', 19, -1, NULL);
INSERT INTO `ValorIndicador` (`IdIndicador`, `Fecha`, `Valor`, `Estado`, `Variacion`, `SignoVariacion`, `Observaciones`) VALUES (5, '2008-03-01 00:00:00', 80, 'A DEFINIR', 28, -1, NULL);
INSERT INTO `ValorIndicador` (`IdIndicador`, `Fecha`, `Valor`, `Estado`, `Variacion`, `SignoVariacion`, `Observaciones`) VALUES (5, '2008-04-01 00:00:00', 113, 'A DEFINIR', 33, -1, NULL);
INSERT INTO `ValorIndicador` (`IdIndicador`, `Fecha`, `Valor`, `Estado`, `Variacion`, `SignoVariacion`, `Observaciones`) VALUES (5, '2008-05-01 00:00:00', 134, 'A DEFINIR', 21, -1, NULL);
INSERT INTO `ValorIndicador` (`IdIndicador`, `Fecha`, `Valor`, `Estado`, `Variacion`, `SignoVariacion`, `Observaciones`) VALUES (5, '2008-06-01 00:00:00', 177, 'A DEFINIR', 43, -1, NULL);
INSERT INTO `ValorIndicador` (`IdIndicador`, `Fecha`, `Valor`, `Estado`, `Variacion`, `SignoVariacion`, `Observaciones`) VALUES (5, '2008-07-01 00:00:00', 203, 'A DEFINIR', 26, -1, NULL);
INSERT INTO `ValorIndicador` (`IdIndicador`, `Fecha`, `Valor`, `Estado`, `Variacion`, `SignoVariacion`, `Observaciones`) VALUES (5, '2008-08-01 00:00:00', 242, 'A DEFINIR', 39, -1, NULL);
INSERT INTO `ValorIndicador` (`IdIndicador`, `Fecha`, `Valor`, `Estado`, `Variacion`, `SignoVariacion`, `Observaciones`) VALUES (5, '2008-09-01 00:00:00', 302, 'A DEFINIR', 60, -1, NULL);
INSERT INTO `ValorIndicador` (`IdIndicador`, `Fecha`, `Valor`, `Estado`, `Variacion`, `SignoVariacion`, `Observaciones`) VALUES (5, '2008-10-01 00:00:00', 368, 'A DEFINIR', 66, -1, NULL);
INSERT INTO `ValorIndicador` (`IdIndicador`, `Fecha`, `Valor`, `Estado`, `Variacion`, `SignoVariacion`, `Observaciones`) VALUES (5, '2008-11-01 00:00:00', 396, 'A DEFINIR', 28, -1, NULL);
INSERT INTO `ValorIndicador` (`IdIndicador`, `Fecha`, `Valor`, `Estado`, `Variacion`, `SignoVariacion`, `Observaciones`) VALUES (5, '2008-12-01 00:00:00', 424, 'A DEFINIR', 28, -1, NULL);
INSERT INTO `ValorIndicador` (`IdIndicador`, `Fecha`, `Valor`, `Estado`, `Variacion`, `SignoVariacion`, `Observaciones`) VALUES (5, '2009-01-01 00:00:00', 477, 'A DEFINIR', 53, -1, NULL);
INSERT INTO `ValorIndicador` (`IdIndicador`, `Fecha`, `Valor`, `Estado`, `Variacion`, `SignoVariacion`, `Observaciones`) VALUES (5, '2009-02-01 00:00:00', 532, 'A DEFINIR', 55, -1, NULL);
INSERT INTO `ValorIndicador` (`IdIndicador`, `Fecha`, `Valor`, `Estado`, `Variacion`, `SignoVariacion`, `Observaciones`) VALUES (5, '2009-03-01 00:00:00', 572, 'A DEFINIR', 40, -1, NULL);
INSERT INTO `ValorIndicador` (`IdIndicador`, `Fecha`, `Valor`, `Estado`, `Variacion`, `SignoVariacion`, `Observaciones`) VALUES (5, '2009-04-01 00:00:00', 613, 'A DEFINIR', 41, -1, NULL);
INSERT INTO `ValorIndicador` (`IdIndicador`, `Fecha`, `Valor`, `Estado`, `Variacion`, `SignoVariacion`, `Observaciones`) VALUES (5, '2009-05-01 00:00:00', 627, 'A DEFINIR', 14, -1, NULL);
INSERT INTO `ValorIndicador` (`IdIndicador`, `Fecha`, `Valor`, `Estado`, `Variacion`, `SignoVariacion`, `Observaciones`) VALUES (5, '2009-06-01 00:00:00', 618, 'A DEFINIR', 9, 1, NULL);
INSERT INTO `ValorIndicador` (`IdIndicador`, `Fecha`, `Valor`, `Estado`, `Variacion`, `SignoVariacion`, `Observaciones`) VALUES (5, '2009-07-01 00:00:00', 620, 'A DEFINIR', 2, -1, NULL);
INSERT INTO `ValorIndicador` (`IdIndicador`, `Fecha`, `Valor`, `Estado`, `Variacion`, `SignoVariacion`, `Observaciones`) VALUES (5, '2009-08-01 00:00:00', 586, 'A DEFINIR', 34, 1, NULL);
INSERT INTO `ValorIndicador` (`IdIndicador`, `Fecha`, `Valor`, `Estado`, `Variacion`, `SignoVariacion`, `Observaciones`) VALUES (5, '2009-09-01 00:00:00', 578, 'A DEFINIR', 8, 1, NULL);
INSERT INTO `ValorIndicador` (`IdIndicador`, `Fecha`, `Valor`, `Estado`, `Variacion`, `SignoVariacion`, `Observaciones`) VALUES (5, '2009-10-01 00:00:00', 542, 'A DEFINIR', 36, 1, NULL);
INSERT INTO `ValorIndicador` (`IdIndicador`, `Fecha`, `Valor`, `Estado`, `Variacion`, `SignoVariacion`, `Observaciones`) VALUES (5, '2009-11-01 00:00:00', 538, 'A DEFINIR', 4, 1, NULL);
INSERT INTO `ValorIndicador` (`IdIndicador`, `Fecha`, `Valor`, `Estado`, `Variacion`, `SignoVariacion`, `Observaciones`) VALUES (5, '2009-12-01 00:00:00', 522, 'A DEFINIR', 16, 1, NULL);
INSERT INTO `ValorIndicador` (`IdIndicador`, `Fecha`, `Valor`, `Estado`, `Variacion`, `SignoVariacion`, `Observaciones`) VALUES (5, '2010-01-01 00:00:00', 512, 'A DEFINIR', 10, 1, NULL);
INSERT INTO `ValorIndicador` (`IdIndicador`, `Fecha`, `Valor`, `Estado`, `Variacion`, `SignoVariacion`, `Observaciones`) VALUES (5, '2010-02-01 00:00:00', 515, 'A DEFINIR', 3, -1, NULL);
INSERT INTO `ValorIndicador` (`IdIndicador`, `Fecha`, `Valor`, `Estado`, `Variacion`, `SignoVariacion`, `Observaciones`) VALUES (5, '2010-03-01 00:00:00', 516, 'A DEFINIR', 1, -1, NULL);
INSERT INTO `ValorIndicador` (`IdIndicador`, `Fecha`, `Valor`, `Estado`, `Variacion`, `SignoVariacion`, `Observaciones`) VALUES (5, '2010-04-01 00:00:00', 518, 'A DEFINIR', 2, -1, NULL);
INSERT INTO `ValorIndicador` (`IdIndicador`, `Fecha`, `Valor`, `Estado`, `Variacion`, `SignoVariacion`, `Observaciones`) VALUES (5, '2010-05-01 00:00:00', 520, 'A DEFINIR', 2, -1, NULL);
INSERT INTO `ValorIndicador` (`IdIndicador`, `Fecha`, `Valor`, `Estado`, `Variacion`, `SignoVariacion`, `Observaciones`) VALUES (5, '2010-06-01 00:00:00', 524, 'A DEFINIR', 4, -1, NULL);
INSERT INTO `ValorIndicador` (`IdIndicador`, `Fecha`, `Valor`, `Estado`, `Variacion`, `SignoVariacion`, `Observaciones`) VALUES (5, '2010-07-01 00:00:00', 522, 'A DEFINIR', 2, 1, NULL);
INSERT INTO `ValorIndicador` (`IdIndicador`, `Fecha`, `Valor`, `Estado`, `Variacion`, `SignoVariacion`, `Observaciones`) VALUES (5, '2010-08-01 00:00:00', 523, 'A DEFINIR', 1, -1, NULL);
INSERT INTO `ValorIndicador` (`IdIndicador`, `Fecha`, `Valor`, `Estado`, `Variacion`, `SignoVariacion`, `Observaciones`) VALUES (5, '2010-09-01 00:00:00', 519, 'A DEFINIR', 4, 1, NULL);
INSERT INTO `ValorIndicador` (`IdIndicador`, `Fecha`, `Valor`, `Estado`, `Variacion`, `SignoVariacion`, `Observaciones`) VALUES (5, '2010-10-01 00:00:00', 526, 'A DEFINIR', 7, -1, NULL);
INSERT INTO `ValorIndicador` (`IdIndicador`, `Fecha`, `Valor`, `Estado`, `Variacion`, `SignoVariacion`, `Observaciones`) VALUES (5, '2010-11-01 00:00:00', 524, 'A DEFINIR', 2, 1, NULL);
INSERT INTO `ValorIndicador` (`IdIndicador`, `Fecha`, `Valor`, `Estado`, `Variacion`, `SignoVariacion`, `Observaciones`) VALUES (5, '2010-12-01 00:00:00', 530, 'A DEFINIR', 6, -1, NULL);
INSERT INTO `ValorIndicador` (`IdIndicador`, `Fecha`, `Valor`, `Estado`, `Variacion`, `SignoVariacion`, `Observaciones`) VALUES (5, '2011-01-01 00:00:00', 528, 'A DEFINIR', 2, 1, NULL);
INSERT INTO `ValorIndicador` (`IdIndicador`, `Fecha`, `Valor`, `Estado`, `Variacion`, `SignoVariacion`, `Observaciones`) VALUES (5, '2011-02-01 00:00:00', 531, 'A DEFINIR', 3, -1, NULL);
INSERT INTO `ValorIndicador` (`IdIndicador`, `Fecha`, `Valor`, `Estado`, `Variacion`, `SignoVariacion`, `Observaciones`) VALUES (5, '2011-03-01 00:00:00', 528, 'A DEFINIR', 3, 1, NULL);
INSERT INTO `ValorIndicador` (`IdIndicador`, `Fecha`, `Valor`, `Estado`, `Variacion`, `SignoVariacion`, `Observaciones`) VALUES (5, '2011-04-01 00:00:00', 539, 'A DEFINIR', 11, -1, NULL);
INSERT INTO `ValorIndicador` (`IdIndicador`, `Fecha`, `Valor`, `Estado`, `Variacion`, `SignoVariacion`, `Observaciones`) VALUES (5, '2011-05-01 00:00:00', 546, 'A DEFINIR', 7, -1, NULL);
INSERT INTO `ValorIndicador` (`IdIndicador`, `Fecha`, `Valor`, `Estado`, `Variacion`, `SignoVariacion`, `Observaciones`) VALUES (5, '2011-06-01 00:00:00', 543, 'A DEFINIR', 3, 1, NULL);
INSERT INTO `ValorIndicador` (`IdIndicador`, `Fecha`, `Valor`, `Estado`, `Variacion`, `SignoVariacion`, `Observaciones`) VALUES (5, '2011-07-01 00:00:00', 546, 'A DEFINIR', 3, -1, NULL);
INSERT INTO `ValorIndicador` (`IdIndicador`, `Fecha`, `Valor`, `Estado`, `Variacion`, `SignoVariacion`, `Observaciones`) VALUES (5, '2011-08-01 00:00:00', 550, 'A DEFINIR', 4, -1, NULL);
INSERT INTO `ValorIndicador` (`IdIndicador`, `Fecha`, `Valor`, `Estado`, `Variacion`, `SignoVariacion`, `Observaciones`) VALUES (5, '2011-09-01 00:00:00', 561, 'A DEFINIR', 11, -1, NULL);
INSERT INTO `ValorIndicador` (`IdIndicador`, `Fecha`, `Valor`, `Estado`, `Variacion`, `SignoVariacion`, `Observaciones`) VALUES (5, '2011-10-01 00:00:00', 568, 'A DEFINIR', 7, -1, NULL);
INSERT INTO `ValorIndicador` (`IdIndicador`, `Fecha`, `Valor`, `Estado`, `Variacion`, `SignoVariacion`, `Observaciones`) VALUES (5, '2011-11-01 00:00:00', 574, 'A DEFINIR', 6, -1, NULL);
INSERT INTO `ValorIndicador` (`IdIndicador`, `Fecha`, `Valor`, `Estado`, `Variacion`, `SignoVariacion`, `Observaciones`) VALUES (5, '2011-12-01 00:00:00', 576, 'A DEFINIR', 2, -1, NULL);
INSERT INTO `ValorIndicador` (`IdIndicador`, `Fecha`, `Valor`, `Estado`, `Variacion`, `SignoVariacion`, `Observaciones`) VALUES (5, '2012-01-01 00:00:00', 576, 'A DEFINIR', 0, -1, NULL);
INSERT INTO `ValorIndicador` (`IdIndicador`, `Fecha`, `Valor`, `Estado`, `Variacion`, `SignoVariacion`, `Observaciones`) VALUES (5, '2012-02-01 00:00:00', 590, 'A DEFINIR', 14, -1, NULL);
INSERT INTO `ValorIndicador` (`IdIndicador`, `Fecha`, `Valor`, `Estado`, `Variacion`, `SignoVariacion`, `Observaciones`) VALUES (5, '2012-03-01 00:00:00', 583, 'A DEFINIR', 7, 1, NULL);
INSERT INTO `ValorIndicador` (`IdIndicador`, `Fecha`, `Valor`, `Estado`, `Variacion`, `SignoVariacion`, `Observaciones`) VALUES (5, '2012-04-01 00:00:00', 592, 'A DEFINIR', 9, -1, NULL);
INSERT INTO `ValorIndicador` (`IdIndicador`, `Fecha`, `Valor`, `Estado`, `Variacion`, `SignoVariacion`, `Observaciones`) VALUES (5, '2012-05-01 00:00:00', 604, 'A DEFINIR', 12, -1, NULL);
INSERT INTO `ValorIndicador` (`IdIndicador`, `Fecha`, `Valor`, `Estado`, `Variacion`, `SignoVariacion`, `Observaciones`) VALUES (5, '2012-06-01 00:00:00', 631, 'A DEFINIR', 27, -1, NULL);
INSERT INTO `ValorIndicador` (`IdIndicador`, `Fecha`, `Valor`, `Estado`, `Variacion`, `SignoVariacion`, `Observaciones`) VALUES (5, '2012-07-01 00:00:00', 632, 'A DEFINIR', 1, -1, NULL);
INSERT INTO `ValorIndicador` (`IdIndicador`, `Fecha`, `Valor`, `Estado`, `Variacion`, `SignoVariacion`, `Observaciones`) VALUES (6, '2007-08-01 00:00:00', 560.97, 'A DEFINIR', 0, -1, NULL);
INSERT INTO `ValorIndicador` (`IdIndicador`, `Fecha`, `Valor`, `Estado`, `Variacion`, `SignoVariacion`, `Observaciones`) VALUES (6, '2007-09-01 00:00:00', 1339.18, 'A DEFINIR', 778.21, -1, NULL);
INSERT INTO `ValorIndicador` (`IdIndicador`, `Fecha`, `Valor`, `Estado`, `Variacion`, `SignoVariacion`, `Observaciones`) VALUES (6, '2007-10-01 00:00:00', 2164.61, 'A DEFINIR', 825.43, -1, NULL);
INSERT INTO `ValorIndicador` (`IdIndicador`, `Fecha`, `Valor`, `Estado`, `Variacion`, `SignoVariacion`, `Observaciones`) VALUES (6, '2007-11-01 00:00:00', 3132.79, 'A DEFINIR', 968.18, -1, NULL);
INSERT INTO `ValorIndicador` (`IdIndicador`, `Fecha`, `Valor`, `Estado`, `Variacion`, `SignoVariacion`, `Observaciones`) VALUES (6, '2007-12-01 00:00:00', 4624.45, 'A DEFINIR', 1491.66, -1, NULL);
INSERT INTO `ValorIndicador` (`IdIndicador`, `Fecha`, `Valor`, `Estado`, `Variacion`, `SignoVariacion`, `Observaciones`) VALUES (6, '2008-01-01 00:00:00', 7329.3, 'A DEFINIR', 2704.85, -1, NULL);
INSERT INTO `ValorIndicador` (`IdIndicador`, `Fecha`, `Valor`, `Estado`, `Variacion`, `SignoVariacion`, `Observaciones`) VALUES (6, '2008-02-01 00:00:00', 12422.93, 'A DEFINIR', 5093.63, -1, NULL);
INSERT INTO `ValorIndicador` (`IdIndicador`, `Fecha`, `Valor`, `Estado`, `Variacion`, `SignoVariacion`, `Observaciones`) VALUES (6, '2008-03-01 00:00:00', 20058.42, 'A DEFINIR', 7635.49, -1, NULL);
INSERT INTO `ValorIndicador` (`IdIndicador`, `Fecha`, `Valor`, `Estado`, `Variacion`, `SignoVariacion`, `Observaciones`) VALUES (6, '2008-04-01 00:00:00', 27750.47, 'A DEFINIR', 7692.05, -1, NULL);
INSERT INTO `ValorIndicador` (`IdIndicador`, `Fecha`, `Valor`, `Estado`, `Variacion`, `SignoVariacion`, `Observaciones`) VALUES (6, '2008-05-01 00:00:00', 34990.98, 'A DEFINIR', 7240.51, -1, NULL);
INSERT INTO `ValorIndicador` (`IdIndicador`, `Fecha`, `Valor`, `Estado`, `Variacion`, `SignoVariacion`, `Observaciones`) VALUES (6, '2008-06-01 00:00:00', 46593.09, 'A DEFINIR', 11602.11, -1, NULL);
INSERT INTO `ValorIndicador` (`IdIndicador`, `Fecha`, `Valor`, `Estado`, `Variacion`, `SignoVariacion`, `Observaciones`) VALUES (6, '2008-07-01 00:00:00', 57452.3, 'A DEFINIR', 10859.21, -1, NULL);
INSERT INTO `ValorIndicador` (`IdIndicador`, `Fecha`, `Valor`, `Estado`, `Variacion`, `SignoVariacion`, `Observaciones`) VALUES (6, '2008-08-01 00:00:00', 69994.24, 'A DEFINIR', 12541.94, -1, NULL);
INSERT INTO `ValorIndicador` (`IdIndicador`, `Fecha`, `Valor`, `Estado`, `Variacion`, `SignoVariacion`, `Observaciones`) VALUES (6, '2008-09-01 00:00:00', 88153.48, 'A DEFINIR', 18159.24, -1, NULL);
INSERT INTO `ValorIndicador` (`IdIndicador`, `Fecha`, `Valor`, `Estado`, `Variacion`, `SignoVariacion`, `Observaciones`) VALUES (6, '2008-10-01 00:00:00', 107779.04, 'A DEFINIR', 19625.56, -1, NULL);
INSERT INTO `ValorIndicador` (`IdIndicador`, `Fecha`, `Valor`, `Estado`, `Variacion`, `SignoVariacion`, `Observaciones`) VALUES (6, '2008-11-01 00:00:00', 121612.3, 'A DEFINIR', 13833.26, -1, NULL);
INSERT INTO `ValorIndicador` (`IdIndicador`, `Fecha`, `Valor`, `Estado`, `Variacion`, `SignoVariacion`, `Observaciones`) VALUES (6, '2008-12-01 00:00:00', 135702.92, 'A DEFINIR', 14090.62, -1, NULL);
INSERT INTO `ValorIndicador` (`IdIndicador`, `Fecha`, `Valor`, `Estado`, `Variacion`, `SignoVariacion`, `Observaciones`) VALUES (6, '2009-01-01 00:00:00', 155283.03, 'A DEFINIR', 19580.11, -1, NULL);
INSERT INTO `ValorIndicador` (`IdIndicador`, `Fecha`, `Valor`, `Estado`, `Variacion`, `SignoVariacion`, `Observaciones`) VALUES (6, '2009-02-01 00:00:00', 171974.95, 'A DEFINIR', 16691.92, -1, NULL);
INSERT INTO `ValorIndicador` (`IdIndicador`, `Fecha`, `Valor`, `Estado`, `Variacion`, `SignoVariacion`, `Observaciones`) VALUES (6, '2009-03-01 00:00:00', 184023.94, 'A DEFINIR', 12048.99, -1, NULL);
INSERT INTO `ValorIndicador` (`IdIndicador`, `Fecha`, `Valor`, `Estado`, `Variacion`, `SignoVariacion`, `Observaciones`) VALUES (6, '2009-04-01 00:00:00', 198048.31, 'A DEFINIR', 14024.37, -1, NULL);
INSERT INTO `ValorIndicador` (`IdIndicador`, `Fecha`, `Valor`, `Estado`, `Variacion`, `SignoVariacion`, `Observaciones`) VALUES (6, '2009-05-01 00:00:00', 203977.34, 'A DEFINIR', 5929.03, -1, NULL);
INSERT INTO `ValorIndicador` (`IdIndicador`, `Fecha`, `Valor`, `Estado`, `Variacion`, `SignoVariacion`, `Observaciones`) VALUES (6, '2009-06-01 00:00:00', 203554.02, 'A DEFINIR', 423.320000000007, 1, NULL);
INSERT INTO `ValorIndicador` (`IdIndicador`, `Fecha`, `Valor`, `Estado`, `Variacion`, `SignoVariacion`, `Observaciones`) VALUES (6, '2009-07-01 00:00:00', 206685.2, 'A DEFINIR', 3131.18000000002, -1, NULL);
INSERT INTO `ValorIndicador` (`IdIndicador`, `Fecha`, `Valor`, `Estado`, `Variacion`, `SignoVariacion`, `Observaciones`) VALUES (6, '2009-08-01 00:00:00', 205448.14, 'A DEFINIR', 1237.06, 1, NULL);
INSERT INTO `ValorIndicador` (`IdIndicador`, `Fecha`, `Valor`, `Estado`, `Variacion`, `SignoVariacion`, `Observaciones`) VALUES (6, '2009-09-01 00:00:00', 207653.77, 'A DEFINIR', 2205.62999999998, -1, NULL);
INSERT INTO `ValorIndicador` (`IdIndicador`, `Fecha`, `Valor`, `Estado`, `Variacion`, `SignoVariacion`, `Observaciones`) VALUES (6, '2009-10-01 00:00:00', 201855.65, 'A DEFINIR', 5798.12, 1, NULL);
INSERT INTO `ValorIndicador` (`IdIndicador`, `Fecha`, `Valor`, `Estado`, `Variacion`, `SignoVariacion`, `Observaciones`) VALUES (6, '2009-11-01 00:00:00', 200222.57, 'A DEFINIR', 1633.07999999999, 1, NULL);
INSERT INTO `ValorIndicador` (`IdIndicador`, `Fecha`, `Valor`, `Estado`, `Variacion`, `SignoVariacion`, `Observaciones`) VALUES (6, '2009-12-01 00:00:00', 198088.48, 'A DEFINIR', 2134.09, 1, NULL);
INSERT INTO `ValorIndicador` (`IdIndicador`, `Fecha`, `Valor`, `Estado`, `Variacion`, `SignoVariacion`, `Observaciones`) VALUES (6, '2010-01-01 00:00:00', 197456.39, 'A DEFINIR', 632.089999999997, 1, NULL);
INSERT INTO `ValorIndicador` (`IdIndicador`, `Fecha`, `Valor`, `Estado`, `Variacion`, `SignoVariacion`, `Observaciones`) VALUES (6, '2010-02-01 00:00:00', 201520.62, 'A DEFINIR', 4064.22999999998, -1, NULL);
INSERT INTO `ValorIndicador` (`IdIndicador`, `Fecha`, `Valor`, `Estado`, `Variacion`, `SignoVariacion`, `Observaciones`) VALUES (6, '2010-03-01 00:00:00', 205520.96, 'A DEFINIR', 4000.34, -1, NULL);
INSERT INTO `ValorIndicador` (`IdIndicador`, `Fecha`, `Valor`, `Estado`, `Variacion`, `SignoVariacion`, `Observaciones`) VALUES (6, '2010-04-01 00:00:00', 206998.77, 'A DEFINIR', 1477.81, -1, NULL);
INSERT INTO `ValorIndicador` (`IdIndicador`, `Fecha`, `Valor`, `Estado`, `Variacion`, `SignoVariacion`, `Observaciones`) VALUES (6, '2010-05-01 00:00:00', 209605.18, 'A DEFINIR', 2606.41, -1, NULL);
INSERT INTO `ValorIndicador` (`IdIndicador`, `Fecha`, `Valor`, `Estado`, `Variacion`, `SignoVariacion`, `Observaciones`) VALUES (6, '2010-06-01 00:00:00', 211468.48, 'A DEFINIR', 1863.30000000002, -1, NULL);
INSERT INTO `ValorIndicador` (`IdIndicador`, `Fecha`, `Valor`, `Estado`, `Variacion`, `SignoVariacion`, `Observaciones`) VALUES (6, '2010-07-01 00:00:00', 211631.54, 'A DEFINIR', 163.059999999998, -1, NULL);
INSERT INTO `ValorIndicador` (`IdIndicador`, `Fecha`, `Valor`, `Estado`, `Variacion`, `SignoVariacion`, `Observaciones`) VALUES (6, '2010-08-01 00:00:00', 213943.66, 'A DEFINIR', 2312.12, -1, NULL);
INSERT INTO `ValorIndicador` (`IdIndicador`, `Fecha`, `Valor`, `Estado`, `Variacion`, `SignoVariacion`, `Observaciones`) VALUES (6, '2010-09-01 00:00:00', 214339.04, 'A DEFINIR', 395.380000000005, -1, NULL);
INSERT INTO `ValorIndicador` (`IdIndicador`, `Fecha`, `Valor`, `Estado`, `Variacion`, `SignoVariacion`, `Observaciones`) VALUES (6, '2010-10-01 00:00:00', 215513.74, 'A DEFINIR', 1174.69999999998, -1, NULL);
INSERT INTO `ValorIndicador` (`IdIndicador`, `Fecha`, `Valor`, `Estado`, `Variacion`, `SignoVariacion`, `Observaciones`) VALUES (6, '2010-11-01 00:00:00', 215107.22, 'A DEFINIR', 406.51999999999, 1, NULL);
INSERT INTO `ValorIndicador` (`IdIndicador`, `Fecha`, `Valor`, `Estado`, `Variacion`, `SignoVariacion`, `Observaciones`) VALUES (6, '2010-12-01 00:00:00', 219094.78, 'A DEFINIR', 3987.56, -1, NULL);
INSERT INTO `ValorIndicador` (`IdIndicador`, `Fecha`, `Valor`, `Estado`, `Variacion`, `SignoVariacion`, `Observaciones`) VALUES (6, '2011-01-01 00:00:00', 218206.87, 'A DEFINIR', 887.910000000003, 1, NULL);
INSERT INTO `ValorIndicador` (`IdIndicador`, `Fecha`, `Valor`, `Estado`, `Variacion`, `SignoVariacion`, `Observaciones`) VALUES (6, '2011-02-01 00:00:00', 221724.2, 'A DEFINIR', 3517.33000000002, -1, NULL);
INSERT INTO `ValorIndicador` (`IdIndicador`, `Fecha`, `Valor`, `Estado`, `Variacion`, `SignoVariacion`, `Observaciones`) VALUES (6, '2011-03-01 00:00:00', 222130.32, 'A DEFINIR', 406.119999999995, -1, NULL);
INSERT INTO `ValorIndicador` (`IdIndicador`, `Fecha`, `Valor`, `Estado`, `Variacion`, `SignoVariacion`, `Observaciones`) VALUES (6, '2011-04-01 00:00:00', 226414.47, 'A DEFINIR', 4284.14999999999, -1, NULL);
INSERT INTO `ValorIndicador` (`IdIndicador`, `Fecha`, `Valor`, `Estado`, `Variacion`, `SignoVariacion`, `Observaciones`) VALUES (6, '2011-05-01 00:00:00', 226759.42, 'A DEFINIR', 344.950000000012, -1, NULL);
INSERT INTO `ValorIndicador` (`IdIndicador`, `Fecha`, `Valor`, `Estado`, `Variacion`, `SignoVariacion`, `Observaciones`) VALUES (6, '2011-06-01 00:00:00', 227784.22, 'A DEFINIR', 1024.79999999999, -1, NULL);
INSERT INTO `ValorIndicador` (`IdIndicador`, `Fecha`, `Valor`, `Estado`, `Variacion`, `SignoVariacion`, `Observaciones`) VALUES (6, '2011-07-01 00:00:00', 229808.37, 'A DEFINIR', 2024.14999999999, -1, NULL);
INSERT INTO `ValorIndicador` (`IdIndicador`, `Fecha`, `Valor`, `Estado`, `Variacion`, `SignoVariacion`, `Observaciones`) VALUES (6, '2011-08-01 00:00:00', 235419.19, 'A DEFINIR', 5610.82000000001, -1, NULL);
INSERT INTO `ValorIndicador` (`IdIndicador`, `Fecha`, `Valor`, `Estado`, `Variacion`, `SignoVariacion`, `Observaciones`) VALUES (6, '2011-09-01 00:00:00', 241365.53, 'A DEFINIR', 5946.34, -1, NULL);
INSERT INTO `ValorIndicador` (`IdIndicador`, `Fecha`, `Valor`, `Estado`, `Variacion`, `SignoVariacion`, `Observaciones`) VALUES (6, '2011-10-01 00:00:00', 242984.02, 'A DEFINIR', 1618.48999999999, -1, NULL);
INSERT INTO `ValorIndicador` (`IdIndicador`, `Fecha`, `Valor`, `Estado`, `Variacion`, `SignoVariacion`, `Observaciones`) VALUES (6, '2011-11-01 00:00:00', 244741.46, 'A DEFINIR', 1757.44, -1, NULL);
INSERT INTO `ValorIndicador` (`IdIndicador`, `Fecha`, `Valor`, `Estado`, `Variacion`, `SignoVariacion`, `Observaciones`) VALUES (6, '2011-12-01 00:00:00', 245711.79, 'A DEFINIR', 970.330000000016, -1, NULL);
INSERT INTO `ValorIndicador` (`IdIndicador`, `Fecha`, `Valor`, `Estado`, `Variacion`, `SignoVariacion`, `Observaciones`) VALUES (6, '2012-01-01 00:00:00', 244416.09, 'A DEFINIR', 1295.70000000001, 1, NULL);
INSERT INTO `ValorIndicador` (`IdIndicador`, `Fecha`, `Valor`, `Estado`, `Variacion`, `SignoVariacion`, `Observaciones`) VALUES (6, '2012-02-01 00:00:00', 250676.68, 'A DEFINIR', 6260.59, -1, NULL);
INSERT INTO `ValorIndicador` (`IdIndicador`, `Fecha`, `Valor`, `Estado`, `Variacion`, `SignoVariacion`, `Observaciones`) VALUES (6, '2012-03-01 00:00:00', 251289.58, 'A DEFINIR', 612.899999999994, -1, NULL);
INSERT INTO `ValorIndicador` (`IdIndicador`, `Fecha`, `Valor`, `Estado`, `Variacion`, `SignoVariacion`, `Observaciones`) VALUES (6, '2012-04-01 00:00:00', 257410.69, 'A DEFINIR', 6121.11000000002, -1, NULL);
INSERT INTO `ValorIndicador` (`IdIndicador`, `Fecha`, `Valor`, `Estado`, `Variacion`, `SignoVariacion`, `Observaciones`) VALUES (6, '2012-05-01 00:00:00', 260024.81, 'A DEFINIR', 2614.12, -1, NULL);
INSERT INTO `ValorIndicador` (`IdIndicador`, `Fecha`, `Valor`, `Estado`, `Variacion`, `SignoVariacion`, `Observaciones`) VALUES (6, '2012-06-01 00:00:00', 274156.31, 'A DEFINIR', 14131.5, -1, NULL);
INSERT INTO `ValorIndicador` (`IdIndicador`, `Fecha`, `Valor`, `Estado`, `Variacion`, `SignoVariacion`, `Observaciones`) VALUES (6, '2012-07-01 00:00:00', 275713.37, 'A DEFINIR', 1557.06, -1, NULL);
INSERT INTO `ValorIndicador` (`IdIndicador`, `Fecha`, `Valor`, `Estado`, `Variacion`, `SignoVariacion`, `Observaciones`) VALUES (7, '2007-08-01 00:00:00', .202702702702703, 'A  DEFINIR', 0, -1, NULL);
INSERT INTO `ValorIndicador` (`IdIndicador`, `Fecha`, `Valor`, `Estado`, `Variacion`, `SignoVariacion`, `Observaciones`) VALUES (7, '2007-09-01 00:00:00', .432365657813465, 'A  DEFINIR', .229662955110762, -1, NULL);
INSERT INTO `ValorIndicador` (`IdIndicador`, `Fecha`, `Valor`, `Estado`, `Variacion`, `SignoVariacion`, `Observaciones`) VALUES (7, '2007-10-01 00:00:00', .577700751010976, 'A  DEFINIR', .145335093197511, -1, NULL);
INSERT INTO `ValorIndicador` (`IdIndicador`, `Fecha`, `Valor`, `Estado`, `Variacion`, `SignoVariacion`, `Observaciones`) VALUES (7, '2007-11-01 00:00:00', .754716981132076, 'A  DEFINIR', .177016230121099, -1, NULL);
INSERT INTO `ValorIndicador` (`IdIndicador`, `Fecha`, `Valor`, `Estado`, `Variacion`, `SignoVariacion`, `Observaciones`) VALUES (7, '2007-12-01 00:00:00', 1.02880658436214, 'A  DEFINIR', .274089603230064, -1, NULL);
INSERT INTO `ValorIndicador` (`IdIndicador`, `Fecha`, `Valor`, `Estado`, `Variacion`, `SignoVariacion`, `Observaciones`) VALUES (7, '2008-01-01 00:00:00', 1.64179104477612, 'A  DEFINIR', .61298446041398, -1, NULL);
INSERT INTO `ValorIndicador` (`IdIndicador`, `Fecha`, `Valor`, `Estado`, `Variacion`, `SignoVariacion`, `Observaciones`) VALUES (7, '2008-02-01 00:00:00', 2.45862884160757, 'A  DEFINIR', .816837796831446, -1, NULL);
INSERT INTO `ValorIndicador` (`IdIndicador`, `Fecha`, `Valor`, `Estado`, `Variacion`, `SignoVariacion`, `Observaciones`) VALUES (7, '2008-03-01 00:00:00', 3.69515011547344, 'A  DEFINIR', 1.23652127386588, -1, NULL);
INSERT INTO `ValorIndicador` (`IdIndicador`, `Fecha`, `Valor`, `Estado`, `Variacion`, `SignoVariacion`, `Observaciones`) VALUES (7, '2008-04-01 00:00:00', 4.99778858911986, 'A  DEFINIR', 1.30263847364642, -1, NULL);
INSERT INTO `ValorIndicador` (`IdIndicador`, `Fecha`, `Valor`, `Estado`, `Variacion`, `SignoVariacion`, `Observaciones`) VALUES (7, '2008-05-01 00:00:00', 5.8746163963174, 'A  DEFINIR', .876827807197546, -1, NULL);
INSERT INTO `ValorIndicador` (`IdIndicador`, `Fecha`, `Valor`, `Estado`, `Variacion`, `SignoVariacion`, `Observaciones`) VALUES (7, '2008-06-01 00:00:00', 7.54797441364606, 'A  DEFINIR', 1.67335801732865, -1, NULL);
INSERT INTO `ValorIndicador` (`IdIndicador`, `Fecha`, `Valor`, `Estado`, `Variacion`, `SignoVariacion`, `Observaciones`) VALUES (7, '2008-07-01 00:00:00', 8.52582948341033, 'A  DEFINIR', .977855069764277, -1, NULL);
INSERT INTO `ValorIndicador` (`IdIndicador`, `Fecha`, `Valor`, `Estado`, `Variacion`, `SignoVariacion`, `Observaciones`) VALUES (7, '2008-08-01 00:00:00', 9.64527700278996, 'A  DEFINIR', 1.11944751937962, -1, NULL);
INSERT INTO `ValorIndicador` (`IdIndicador`, `Fecha`, `Valor`, `Estado`, `Variacion`, `SignoVariacion`, `Observaciones`) VALUES (7, '2008-09-01 00:00:00', 12.3770491803279, 'A  DEFINIR', 2.73177217753791, -1, NULL);
INSERT INTO `ValorIndicador` (`IdIndicador`, `Fecha`, `Valor`, `Estado`, `Variacion`, `SignoVariacion`, `Observaciones`) VALUES (7, '2008-10-01 00:00:00', 15.3717627401838, 'A  DEFINIR', 2.99471355985592, -1, NULL);
INSERT INTO `ValorIndicador` (`IdIndicador`, `Fecha`, `Valor`, `Estado`, `Variacion`, `SignoVariacion`, `Observaciones`) VALUES (7, '2008-11-01 00:00:00', 16.8438962143769, 'A  DEFINIR', 1.47213347419307, -1, NULL);
INSERT INTO `ValorIndicador` (`IdIndicador`, `Fecha`, `Valor`, `Estado`, `Variacion`, `SignoVariacion`, `Observaciones`) VALUES (7, '2008-12-01 00:00:00', 18.7279151943463, 'A  DEFINIR', 1.88401897996943, -1, NULL);
INSERT INTO `ValorIndicador` (`IdIndicador`, `Fecha`, `Valor`, `Estado`, `Variacion`, `SignoVariacion`, `Observaciones`) VALUES (7, '2009-01-01 00:00:00', 22.0425138632163, 'A  DEFINIR', 3.31459866886998, -1, NULL);
INSERT INTO `ValorIndicador` (`IdIndicador`, `Fecha`, `Valor`, `Estado`, `Variacion`, `SignoVariacion`, `Observaciones`) VALUES (7, '2009-02-01 00:00:00', 25.9006815968841, 'A  DEFINIR', 3.85816773366786, -1, NULL);
INSERT INTO `ValorIndicador` (`IdIndicador`, `Fecha`, `Valor`, `Estado`, `Variacion`, `SignoVariacion`, `Observaciones`) VALUES (7, '2009-03-01 00:00:00', 29.8382889932186, 'A  DEFINIR', 3.93760739633444, -1, NULL);
INSERT INTO `ValorIndicador` (`IdIndicador`, `Fecha`, `Valor`, `Estado`, `Variacion`, `SignoVariacion`, `Observaciones`) VALUES (7, '2009-04-01 00:00:00', 33.3877995642702, 'A  DEFINIR', 3.54951057105158, -1, NULL);
INSERT INTO `ValorIndicador` (`IdIndicador`, `Fecha`, `Valor`, `Estado`, `Variacion`, `SignoVariacion`, `Observaciones`) VALUES (7, '2009-05-01 00:00:00', 35.9106529209622, 'A  DEFINIR', 2.52285335669205, -1, NULL);
INSERT INTO `ValorIndicador` (`IdIndicador`, `Fecha`, `Valor`, `Estado`, `Variacion`, `SignoVariacion`, `Observaciones`) VALUES (7, '2009-06-01 00:00:00', 37.705918242831, 'A  DEFINIR', 1.7952653218688, -1, NULL);
INSERT INTO `ValorIndicador` (`IdIndicador`, `Fecha`, `Valor`, `Estado`, `Variacion`, `SignoVariacion`, `Observaciones`) VALUES (7, '2009-07-01 00:00:00', 39.6673064619322, 'A  DEFINIR', 1.96138821910119, -1, NULL);
INSERT INTO `ValorIndicador` (`IdIndicador`, `Fecha`, `Valor`, `Estado`, `Variacion`, `SignoVariacion`, `Observaciones`) VALUES (7, '2009-08-01 00:00:00', 38.5019710906702, 'A  DEFINIR', 1.16533537126202, 1, NULL);
INSERT INTO `ValorIndicador` (`IdIndicador`, `Fecha`, `Valor`, `Estado`, `Variacion`, `SignoVariacion`, `Observaciones`) VALUES (7, '2009-09-01 00:00:00', 38.1266490765171, 'A  DEFINIR', .375322014153021, 1, NULL);
INSERT INTO `ValorIndicador` (`IdIndicador`, `Fecha`, `Valor`, `Estado`, `Variacion`, `SignoVariacion`, `Observaciones`) VALUES (7, '2009-10-01 00:00:00', 37.3793103448276, 'A  DEFINIR', .74733873168956, 1, NULL);
INSERT INTO `ValorIndicador` (`IdIndicador`, `Fecha`, `Valor`, `Estado`, `Variacion`, `SignoVariacion`, `Observaciones`) VALUES (7, '2009-11-01 00:00:00', 37.3351839000694, 'A  DEFINIR', 4.41264447581915E-02, 1, NULL);
INSERT INTO `ValorIndicador` (`IdIndicador`, `Fecha`, `Valor`, `Estado`, `Variacion`, `SignoVariacion`, `Observaciones`) VALUES (7, '2009-12-01 00:00:00', 36.7864693446089, 'A  DEFINIR', .548714555460514, 1, NULL);
INSERT INTO `ValorIndicador` (`IdIndicador`, `Fecha`, `Valor`, `Estado`, `Variacion`, `SignoVariacion`, `Observaciones`) VALUES (7, '2010-01-01 00:00:00', 35.3835521769178, 'A  DEFINIR', 1.40291716769112, 1, NULL);
INSERT INTO `ValorIndicador` (`IdIndicador`, `Fecha`, `Valor`, `Estado`, `Variacion`, `SignoVariacion`, `Observaciones`) VALUES (7, '2010-02-01 00:00:00', 35.1296043656207, 'A  DEFINIR', .253947811297024, 1, NULL);
INSERT INTO `ValorIndicador` (`IdIndicador`, `Fecha`, `Valor`, `Estado`, `Variacion`, `SignoVariacion`, `Observaciones`) VALUES (7, '2010-03-01 00:00:00', 33.8804990151018, 'A  DEFINIR', 1.24910535051896, 1, NULL);
INSERT INTO `ValorIndicador` (`IdIndicador`, `Fecha`, `Valor`, `Estado`, `Variacion`, `SignoVariacion`, `Observaciones`) VALUES (7, '2010-04-01 00:00:00', 32.0148331273177, 'A  DEFINIR', 1.8656658877841, 1, NULL);
INSERT INTO `ValorIndicador` (`IdIndicador`, `Fecha`, `Valor`, `Estado`, `Variacion`, `SignoVariacion`, `Observaciones`) VALUES (7, '2010-05-01 00:00:00', 31.9410319410319, 'A  DEFINIR', 7.38011862857384E-02, 1, NULL);
INSERT INTO `ValorIndicador` (`IdIndicador`, `Fecha`, `Valor`, `Estado`, `Variacion`, `SignoVariacion`, `Observaciones`) VALUES (7, '2010-06-01 00:00:00', 30.7511737089202, 'A  DEFINIR', 1.18985823211175, 1, NULL);
INSERT INTO `ValorIndicador` (`IdIndicador`, `Fecha`, `Valor`, `Estado`, `Variacion`, `SignoVariacion`, `Observaciones`) VALUES (7, '2010-07-01 00:00:00', 30.1038062283737, 'A  DEFINIR', .647367480546485, 1, NULL);
INSERT INTO `ValorIndicador` (`IdIndicador`, `Fecha`, `Valor`, `Estado`, `Variacion`, `SignoVariacion`, `Observaciones`) VALUES (7, '2010-08-01 00:00:00', 27.1970878835153, 'A  DEFINIR', 2.90671834485836, 1, NULL);
INSERT INTO `ValorIndicador` (`IdIndicador`, `Fecha`, `Valor`, `Estado`, `Variacion`, `SignoVariacion`, `Observaciones`) VALUES (7, '2010-09-01 00:00:00', 24.5855045002369, 'A  DEFINIR', 2.61158338327849, 1, NULL);
INSERT INTO `ValorIndicador` (`IdIndicador`, `Fecha`, `Valor`, `Estado`, `Variacion`, `SignoVariacion`, `Observaciones`) VALUES (7, '2010-10-01 00:00:00', 24.2619926199262, 'A  DEFINIR', .323511880310654, 1, NULL);
INSERT INTO `ValorIndicador` (`IdIndicador`, `Fecha`, `Valor`, `Estado`, `Variacion`, `SignoVariacion`, `Observaciones`) VALUES (7, '2010-11-01 00:00:00', 23.9269406392694, 'A  DEFINIR', .335051980656793, 1, NULL);
INSERT INTO `ValorIndicador` (`IdIndicador`, `Fecha`, `Valor`, `Estado`, `Variacion`, `SignoVariacion`, `Observaciones`) VALUES (7, '2010-12-01 00:00:00', 23.8846327174403, 'A  DEFINIR', 4.23079218291171E-02, 1, NULL);
INSERT INTO `ValorIndicador` (`IdIndicador`, `Fecha`, `Valor`, `Estado`, `Variacion`, `SignoVariacion`, `Observaciones`) VALUES (7, '2011-01-01 00:00:00', 22.9965156794425, 'A  DEFINIR', .88811703799778, 1, NULL);
INSERT INTO `ValorIndicador` (`IdIndicador`, `Fecha`, `Valor`, `Estado`, `Variacion`, `SignoVariacion`, `Observaciones`) VALUES (7, '2011-02-01 00:00:00', 22.8485370051635, 'A  DEFINIR', .147978674278999, 1, NULL);
INSERT INTO `ValorIndicador` (`IdIndicador`, `Fecha`, `Valor`, `Estado`, `Variacion`, `SignoVariacion`, `Observaciones`) VALUES (7, '2011-03-01 00:00:00', 21.6926869350863, 'A  DEFINIR', 1.15585007007723, 1, NULL);
INSERT INTO `ValorIndicador` (`IdIndicador`, `Fecha`, `Valor`, `Estado`, `Variacion`, `SignoVariacion`, `Observaciones`) VALUES (7, '2011-04-01 00:00:00', 20.7547169811321, 'A  DEFINIR', .937969953954202, 1, NULL);
INSERT INTO `ValorIndicador` (`IdIndicador`, `Fecha`, `Valor`, `Estado`, `Variacion`, `SignoVariacion`, `Observaciones`) VALUES (7, '2011-05-01 00:00:00', 20, 'A  DEFINIR', .754716981132077, 1, NULL);
INSERT INTO `ValorIndicador` (`IdIndicador`, `Fecha`, `Valor`, `Estado`, `Variacion`, `SignoVariacion`, `Observaciones`) VALUES (7, '2011-06-01 00:00:00', 18.8869565217391, 'A  DEFINIR', 1.11304347826087, 1, NULL);
INSERT INTO `ValorIndicador` (`IdIndicador`, `Fecha`, `Valor`, `Estado`, `Variacion`, `SignoVariacion`, `Observaciones`) VALUES (7, '2011-07-01 00:00:00', 18.7628865979381, 'A  DEFINIR', .124069923800985, 1, NULL);
INSERT INTO `ValorIndicador` (`IdIndicador`, `Fecha`, `Valor`, `Estado`, `Variacion`, `SignoVariacion`, `Observaciones`) VALUES (7, '2011-08-01 00:00:00', 17.9562520404832, 'A  DEFINIR', .806634557454959, 1, NULL);
INSERT INTO `ValorIndicador` (`IdIndicador`, `Fecha`, `Valor`, `Estado`, `Variacion`, `SignoVariacion`, `Observaciones`) VALUES (7, '2011-09-01 00:00:00', 17.6138147566719, 'A  DEFINIR', .342437283811286, 1, NULL);
INSERT INTO `ValorIndicador` (`IdIndicador`, `Fecha`, `Valor`, `Estado`, `Variacion`, `SignoVariacion`, `Observaciones`) VALUES (7, '2011-10-01 00:00:00', 17.5146469318532, 'A  DEFINIR', 9.91678248186787E-02, 1, NULL);
INSERT INTO `ValorIndicador` (`IdIndicador`, `Fecha`, `Valor`, `Estado`, `Variacion`, `SignoVariacion`, `Observaciones`) VALUES (7, '2011-11-01 00:00:00', 17.4309140601275, 'A  DEFINIR', 8.37328717256796E-02, 1, NULL);
INSERT INTO `ValorIndicador` (`IdIndicador`, `Fecha`, `Valor`, `Estado`, `Variacion`, `SignoVariacion`, `Observaciones`) VALUES (7, '2011-12-01 00:00:00', 17.4757281553398, 'A  DEFINIR', 4.48140952122635E-02, -1, NULL);
INSERT INTO `ValorIndicador` (`IdIndicador`, `Fecha`, `Valor`, `Estado`, `Variacion`, `SignoVariacion`, `Observaciones`) VALUES (7, '2012-01-01 00:00:00', 17.3389524382902, 'A  DEFINIR', .13677571704962, 1, NULL);
INSERT INTO `ValorIndicador` (`IdIndicador`, `Fecha`, `Valor`, `Estado`, `Variacion`, `SignoVariacion`, `Observaciones`) VALUES (7, '2012-02-01 00:00:00', 17.5856929955291, 'A  DEFINIR', .246740557238876, -1, NULL);
INSERT INTO `ValorIndicador` (`IdIndicador`, `Fecha`, `Valor`, `Estado`, `Variacion`, `SignoVariacion`, `Observaciones`) VALUES (7, '2012-03-01 00:00:00', 16.869212962963, 'A  DEFINIR', .7164800325661, 1, NULL);
INSERT INTO `ValorIndicador` (`IdIndicador`, `Fecha`, `Valor`, `Estado`, `Variacion`, `SignoVariacion`, `Observaciones`) VALUES (7, '2012-04-01 00:00:00', 16.4994425863991, 'A  DEFINIR', .369770376563853, 1, NULL);
INSERT INTO `ValorIndicador` (`IdIndicador`, `Fecha`, `Valor`, `Estado`, `Variacion`, `SignoVariacion`, `Observaciones`) VALUES (7, '2012-05-01 00:00:00', 16.6850828729282, 'A  DEFINIR', .185640286529068, -1, NULL);
INSERT INTO `ValorIndicador` (`IdIndicador`, `Fecha`, `Valor`, `Estado`, `Variacion`, `SignoVariacion`, `Observaciones`) VALUES (7, '2012-06-01 00:00:00', 17.0678928861239, 'A  DEFINIR', .382810013195709, -1, NULL);
INSERT INTO `ValorIndicador` (`IdIndicador`, `Fecha`, `Valor`, `Estado`, `Variacion`, `SignoVariacion`, `Observaciones`) VALUES (7, '2012-07-01 00:00:00', 17.0121130551817, 'A  DEFINIR', 5.57798309421891E-02, 1, NULL);
INSERT INTO `ValorIndicador` (`IdIndicador`, `Fecha`, `Valor`, `Estado`, `Variacion`, `SignoVariacion`, `Observaciones`) VALUES (8, '2007-08-01 00:00:00', 3.52941176470588, 'A DEFINIR', 0, -1, NULL);
INSERT INTO `ValorIndicador` (`IdIndicador`, `Fecha`, `Valor`, `Estado`, `Variacion`, `SignoVariacion`, `Observaciones`) VALUES (8, '2007-09-01 00:00:00', 5.34351145038168, 'A DEFINIR', 1.8140996856758, -1, NULL);
INSERT INTO `ValorIndicador` (`IdIndicador`, `Fecha`, `Valor`, `Estado`, `Variacion`, `SignoVariacion`, `Observaciones`) VALUES (8, '2007-10-01 00:00:00', 5.3475935828877, 'A DEFINIR', 4.08213250602163E-03, -1, NULL);
INSERT INTO `ValorIndicador` (`IdIndicador`, `Fecha`, `Valor`, `Estado`, `Variacion`, `SignoVariacion`, `Observaciones`) VALUES (8, '2007-11-01 00:00:00', 6.66666666666667, 'A DEFINIR', 1.31907308377897, -1, NULL);
INSERT INTO `ValorIndicador` (`IdIndicador`, `Fecha`, `Valor`, `Estado`, `Variacion`, `SignoVariacion`, `Observaciones`) VALUES (8, '2007-12-01 00:00:00', 7.16845878136201, 'A DEFINIR', .50179211469534, -1, NULL);
INSERT INTO `ValorIndicador` (`IdIndicador`, `Fecha`, `Valor`, `Estado`, `Variacion`, `SignoVariacion`, `Observaciones`) VALUES (8, '2008-01-01 00:00:00', 10.0609756097561, 'A DEFINIR', 2.89251682839409, -1, NULL);
INSERT INTO `ValorIndicador` (`IdIndicador`, `Fecha`, `Valor`, `Estado`, `Variacion`, `SignoVariacion`, `Observaciones`) VALUES (8, '2008-02-01 00:00:00', 13, 'A DEFINIR', 2.9390243902439, -1, NULL);
INSERT INTO `ValorIndicador` (`IdIndicador`, `Fecha`, `Valor`, `Estado`, `Variacion`, `SignoVariacion`, `Observaciones`) VALUES (8, '2008-03-01 00:00:00', 17.9372197309417, 'A DEFINIR', 4.9372197309417, -1, NULL);
INSERT INTO `ValorIndicador` (`IdIndicador`, `Fecha`, `Valor`, `Estado`, `Variacion`, `SignoVariacion`, `Observaciones`) VALUES (8, '2008-04-01 00:00:00', 23.4927234927235, 'A DEFINIR', 5.55550376178179, -1, NULL);
INSERT INTO `ValorIndicador` (`IdIndicador`, `Fecha`, `Valor`, `Estado`, `Variacion`, `SignoVariacion`, `Observaciones`) VALUES (8, '2008-05-01 00:00:00', 22.4832214765101, 'A DEFINIR', 1.00950201621342, 1, NULL);
INSERT INTO `ValorIndicador` (`IdIndicador`, `Fecha`, `Valor`, `Estado`, `Variacion`, `SignoVariacion`, `Observaciones`) VALUES (8, '2008-06-01 00:00:00', 26.2611275964392, 'A DEFINIR', 3.7779061199291, -1, NULL);
INSERT INTO `ValorIndicador` (`IdIndicador`, `Fecha`, `Valor`, `Estado`, `Variacion`, `SignoVariacion`, `Observaciones`) VALUES (8, '2008-07-01 00:00:00', 26.3979193758127, 'A DEFINIR', .136791779373574, -1, NULL);
INSERT INTO `ValorIndicador` (`IdIndicador`, `Fecha`, `Valor`, `Estado`, `Variacion`, `SignoVariacion`, `Observaciones`) VALUES (8, '2008-08-01 00:00:00', 28.9820359281437, 'A DEFINIR', 2.58411655233097, -1, NULL);
INSERT INTO `ValorIndicador` (`IdIndicador`, `Fecha`, `Valor`, `Estado`, `Variacion`, `SignoVariacion`, `Observaciones`) VALUES (8, '2008-09-01 00:00:00', 36.5175332527207, 'A DEFINIR', 7.53549732457696, -1, NULL);
INSERT INTO `ValorIndicador` (`IdIndicador`, `Fecha`, `Valor`, `Estado`, `Variacion`, `SignoVariacion`, `Observaciones`) VALUES (8, '2008-10-01 00:00:00', 38.8595564941922, 'A DEFINIR', 2.34202324147151, -1, NULL);
INSERT INTO `ValorIndicador` (`IdIndicador`, `Fecha`, `Valor`, `Estado`, `Variacion`, `SignoVariacion`, `Observaciones`) VALUES (8, '2008-11-01 00:00:00', 41.6842105263158, 'A DEFINIR', 2.8246540321236, -1, NULL);
INSERT INTO `ValorIndicador` (`IdIndicador`, `Fecha`, `Valor`, `Estado`, `Variacion`, `SignoVariacion`, `Observaciones`) VALUES (8, '2008-12-01 00:00:00', 42.6559356136821, 'A DEFINIR', .971725087366302, -1, NULL);
INSERT INTO `ValorIndicador` (`IdIndicador`, `Fecha`, `Valor`, `Estado`, `Variacion`, `SignoVariacion`, `Observaciones`) VALUES (8, '2009-01-01 00:00:00', 46.042471042471, 'A DEFINIR', 3.38653542878895, -1, NULL);
INSERT INTO `ValorIndicador` (`IdIndicador`, `Fecha`, `Valor`, `Estado`, `Variacion`, `SignoVariacion`, `Observaciones`) VALUES (8, '2009-02-01 00:00:00', 48.3197093551317, 'A DEFINIR', 2.27723831266066, -1, NULL);
INSERT INTO `ValorIndicador` (`IdIndicador`, `Fecha`, `Valor`, `Estado`, `Variacion`, `SignoVariacion`, `Observaciones`) VALUES (8, '2009-03-01 00:00:00', 55.3191489361702, 'A DEFINIR', 6.99943958103852, -1, NULL);
INSERT INTO `ValorIndicador` (`IdIndicador`, `Fecha`, `Valor`, `Estado`, `Variacion`, `SignoVariacion`, `Observaciones`) VALUES (8, '2009-04-01 00:00:00', 61.1166500498504, 'A DEFINIR', 5.79750111368023, -1, NULL);
INSERT INTO `ValorIndicador` (`IdIndicador`, `Fecha`, `Valor`, `Estado`, `Variacion`, `SignoVariacion`, `Observaciones`) VALUES (8, '2009-05-01 00:00:00', 64.5061728395062, 'A DEFINIR', 3.38952278965573, -1, NULL);
INSERT INTO `ValorIndicador` (`IdIndicador`, `Fecha`, `Valor`, `Estado`, `Variacion`, `SignoVariacion`, `Observaciones`) VALUES (8, '2009-06-01 00:00:00', 67.6889375684556, 'A DEFINIR', 3.18276472894946, -1, NULL);
INSERT INTO `ValorIndicador` (`IdIndicador`, `Fecha`, `Valor`, `Estado`, `Variacion`, `SignoVariacion`, `Observaciones`) VALUES (8, '2009-07-01 00:00:00', 69.1192865105909, 'A DEFINIR', 1.43034894213521, -1, NULL);
INSERT INTO `ValorIndicador` (`IdIndicador`, `Fecha`, `Valor`, `Estado`, `Variacion`, `SignoVariacion`, `Observaciones`) VALUES (8, '2009-08-01 00:00:00', 71.2895377128954, 'A DEFINIR', 2.17025120230453, -1, NULL);
INSERT INTO `ValorIndicador` (`IdIndicador`, `Fecha`, `Valor`, `Estado`, `Variacion`, `SignoVariacion`, `Observaciones`) VALUES (8, '2009-09-01 00:00:00', 73.3502538071066, 'A DEFINIR', 2.06071609421122, -1, NULL);
INSERT INTO `ValorIndicador` (`IdIndicador`, `Fecha`, `Valor`, `Estado`, `Variacion`, `SignoVariacion`, `Observaciones`) VALUES (8, '2009-10-01 00:00:00', 71.5984147952444, 'A DEFINIR', 1.75183901186222, 1, NULL);
INSERT INTO `ValorIndicador` (`IdIndicador`, `Fecha`, `Valor`, `Estado`, `Variacion`, `SignoVariacion`, `Observaciones`) VALUES (8, '2009-11-01 00:00:00', 73.2970027247956, 'A DEFINIR', 1.69858792955127, -1, NULL);
INSERT INTO `ValorIndicador` (`IdIndicador`, `Fecha`, `Valor`, `Estado`, `Variacion`, `SignoVariacion`, `Observaciones`) VALUES (8, '2009-12-01 00:00:00', 73.2117812061711, 'A DEFINIR', .085221518624536, 1, NULL);
INSERT INTO `ValorIndicador` (`IdIndicador`, `Fecha`, `Valor`, `Estado`, `Variacion`, `SignoVariacion`, `Observaciones`) VALUES (8, '2010-01-01 00:00:00', 74.095513748191, 'A DEFINIR', .883732542019914, -1, NULL);
INSERT INTO `ValorIndicador` (`IdIndicador`, `Fecha`, `Valor`, `Estado`, `Variacion`, `SignoVariacion`, `Observaciones`) VALUES (8, '2010-02-01 00:00:00', 75.1824817518248, 'A DEFINIR', 1.0869680036338, -1, NULL);
INSERT INTO `ValorIndicador` (`IdIndicador`, `Fecha`, `Valor`, `Estado`, `Variacion`, `SignoVariacion`, `Observaciones`) VALUES (8, '2010-03-01 00:00:00', 76.5578635014837, 'A DEFINIR', 1.37538174965886, -1, NULL);
INSERT INTO `ValorIndicador` (`IdIndicador`, `Fecha`, `Valor`, `Estado`, `Variacion`, `SignoVariacion`, `Observaciones`) VALUES (8, '2010-04-01 00:00:00', 75.7309941520468, 'A DEFINIR', .82686934943689, 1, NULL);
INSERT INTO `ValorIndicador` (`IdIndicador`, `Fecha`, `Valor`, `Estado`, `Variacion`, `SignoVariacion`, `Observaciones`) VALUES (8, '2010-05-01 00:00:00', 77.4962742175857, 'A DEFINIR', 1.7652800655389, -1, NULL);
INSERT INTO `ValorIndicador` (`IdIndicador`, `Fecha`, `Valor`, `Estado`, `Variacion`, `SignoVariacion`, `Observaciones`) VALUES (8, '2010-06-01 00:00:00', 76.1627906976744, 'A DEFINIR', 1.33348351991127, 1, NULL);
INSERT INTO `ValorIndicador` (`IdIndicador`, `Fecha`, `Valor`, `Estado`, `Variacion`, `SignoVariacion`, `Observaciones`) VALUES (8, '2010-07-01 00:00:00', 78.4962406015038, 'A DEFINIR', 2.33344990382933, -1, NULL);
INSERT INTO `ValorIndicador` (`IdIndicador`, `Fecha`, `Valor`, `Estado`, `Variacion`, `SignoVariacion`, `Observaciones`) VALUES (8, '2010-08-01 00:00:00', 80.0918836140888, 'A DEFINIR', 1.59564301258506, -1, NULL);
INSERT INTO `ValorIndicador` (`IdIndicador`, `Fecha`, `Valor`, `Estado`, `Variacion`, `SignoVariacion`, `Observaciones`) VALUES (8, '2010-09-01 00:00:00', 78.517397881997, 'A DEFINIR', 1.57448573209184, 1, NULL);
INSERT INTO `ValorIndicador` (`IdIndicador`, `Fecha`, `Valor`, `Estado`, `Variacion`, `SignoVariacion`, `Observaciones`) VALUES (8, '2010-10-01 00:00:00', 77.4668630338733, 'A DEFINIR', 1.05053484812363, 1, NULL);
INSERT INTO `ValorIndicador` (`IdIndicador`, `Fecha`, `Valor`, `Estado`, `Variacion`, `SignoVariacion`, `Observaciones`) VALUES (8, '2010-11-01 00:00:00', 73.8028169014084, 'A DEFINIR', 3.66404613246489, 1, NULL);
INSERT INTO `ValorIndicador` (`IdIndicador`, `Fecha`, `Valor`, `Estado`, `Variacion`, `SignoVariacion`, `Observaciones`) VALUES (8, '2010-12-01 00:00:00', 71.9131614654003, 'A DEFINIR', 1.88965543600818, 1, NULL);
INSERT INTO `ValorIndicador` (`IdIndicador`, `Fecha`, `Valor`, `Estado`, `Variacion`, `SignoVariacion`, `Observaciones`) VALUES (8, '2011-01-01 00:00:00', 70.4939919893191, 'A DEFINIR', 1.41916947608117, 1, NULL);
INSERT INTO `ValorIndicador` (`IdIndicador`, `Fecha`, `Valor`, `Estado`, `Variacion`, `SignoVariacion`, `Observaciones`) VALUES (8, '2011-02-01 00:00:00', 69.2307692307692, 'A DEFINIR', 1.26322275854987, 1, NULL);
INSERT INTO `ValorIndicador` (`IdIndicador`, `Fecha`, `Valor`, `Estado`, `Variacion`, `SignoVariacion`, `Observaciones`) VALUES (8, '2011-03-01 00:00:00', 72.8275862068966, 'A DEFINIR', 3.59681697612733, -1, NULL);
INSERT INTO `ValorIndicador` (`IdIndicador`, `Fecha`, `Valor`, `Estado`, `Variacion`, `SignoVariacion`, `Observaciones`) VALUES (8, '2011-04-01 00:00:00', 70.8278580814717, 'A DEFINIR', 1.99972812542481, 1, NULL);
INSERT INTO `ValorIndicador` (`IdIndicador`, `Fecha`, `Valor`, `Estado`, `Variacion`, `SignoVariacion`, `Observaciones`) VALUES (8, '2011-05-01 00:00:00', 69.4656488549618, 'A DEFINIR', 1.36220922650992, 1, NULL);
INSERT INTO `ValorIndicador` (`IdIndicador`, `Fecha`, `Valor`, `Estado`, `Variacion`, `SignoVariacion`, `Observaciones`) VALUES (8, '2011-06-01 00:00:00', 66.7076167076167, 'A DEFINIR', 2.75803214734512, 1, NULL);
INSERT INTO `ValorIndicador` (`IdIndicador`, `Fecha`, `Valor`, `Estado`, `Variacion`, `SignoVariacion`, `Observaciones`) VALUES (8, '2011-07-01 00:00:00', 65.2329749103943, 'A DEFINIR', 1.47464179722245, 1, NULL);
INSERT INTO `ValorIndicador` (`IdIndicador`, `Fecha`, `Valor`, `Estado`, `Variacion`, `SignoVariacion`, `Observaciones`) VALUES (8, '2011-08-01 00:00:00', 64.7820965842167, 'A DEFINIR', .450878326177531, 1, NULL);
INSERT INTO `ValorIndicador` (`IdIndicador`, `Fecha`, `Valor`, `Estado`, `Variacion`, `SignoVariacion`, `Observaciones`) VALUES (8, '2011-09-01 00:00:00', 65.1567944250871, 'A DEFINIR', .374697840870382, -1, NULL);
INSERT INTO `ValorIndicador` (`IdIndicador`, `Fecha`, `Valor`, `Estado`, `Variacion`, `SignoVariacion`, `Observaciones`) VALUES (8, '2011-10-01 00:00:00', 63.6058230683091, 'A DEFINIR', 1.55097135677804, 1, NULL);
INSERT INTO `ValorIndicador` (`IdIndicador`, `Fecha`, `Valor`, `Estado`, `Variacion`, `SignoVariacion`, `Observaciones`) VALUES (8, '2011-11-01 00:00:00', 64.7855530474041, 'A DEFINIR', 1.17972997909499, -1, NULL);
INSERT INTO `ValorIndicador` (`IdIndicador`, `Fecha`, `Valor`, `Estado`, `Variacion`, `SignoVariacion`, `Observaciones`) VALUES (8, '2011-12-01 00:00:00', 65.3802497162316, 'A DEFINIR', .594696668827496, -1, NULL);
INSERT INTO `ValorIndicador` (`IdIndicador`, `Fecha`, `Valor`, `Estado`, `Variacion`, `SignoVariacion`, `Observaciones`) VALUES (8, '2012-01-01 00:00:00', 59.6891191709845, 'A DEFINIR', 5.69113054524711, 1, NULL);
INSERT INTO `ValorIndicador` (`IdIndicador`, `Fecha`, `Valor`, `Estado`, `Variacion`, `SignoVariacion`, `Observaciones`) VALUES (8, '2012-02-01 00:00:00', 58.8235294117647, 'A DEFINIR', .865589759219752, 1, NULL);
INSERT INTO `ValorIndicador` (`IdIndicador`, `Fecha`, `Valor`, `Estado`, `Variacion`, `SignoVariacion`, `Observaciones`) VALUES (8, '2012-03-01 00:00:00', 58.5341365461847, 'A DEFINIR', .289392865579963, 1, NULL);
INSERT INTO `ValorIndicador` (`IdIndicador`, `Fecha`, `Valor`, `Estado`, `Variacion`, `SignoVariacion`, `Observaciones`) VALUES (8, '2012-04-01 00:00:00', 55.0697674418605, 'A DEFINIR', 3.46436910432428, 1, NULL);
INSERT INTO `ValorIndicador` (`IdIndicador`, `Fecha`, `Valor`, `Estado`, `Variacion`, `SignoVariacion`, `Observaciones`) VALUES (8, '2012-05-01 00:00:00', 56.5543071161049, 'A DEFINIR', 1.4845396742444, -1, NULL);
INSERT INTO `ValorIndicador` (`IdIndicador`, `Fecha`, `Valor`, `Estado`, `Variacion`, `SignoVariacion`, `Observaciones`) VALUES (8, '2012-06-01 00:00:00', 59.1377694470478, 'A DEFINIR', 2.58346233094293, -1, NULL);
INSERT INTO `ValorIndicador` (`IdIndicador`, `Fecha`, `Valor`, `Estado`, `Variacion`, `SignoVariacion`, `Observaciones`) VALUES (8, '2012-07-01 00:00:00', 58.7906976744186, 'A DEFINIR', .347071772629192, 1, NULL);
INSERT INTO `ValorIndicador` (`IdIndicador`, `Fecha`, `Valor`, `Estado`, `Variacion`, `SignoVariacion`, `Observaciones`) VALUES (10, '2007-08-01 00:00:00', 5.38823529411765, 'A DEFINIR', 0, -1, NULL);
INSERT INTO `ValorIndicador` (`IdIndicador`, `Fecha`, `Valor`, `Estado`, `Variacion`, `SignoVariacion`, `Observaciones`) VALUES (10, '2007-09-01 00:00:00', 5.42748091603053, 'A DEFINIR', 3.92456219128796E-02, -1, NULL);
INSERT INTO `ValorIndicador` (`IdIndicador`, `Fecha`, `Valor`, `Estado`, `Variacion`, `SignoVariacion`, `Observaciones`) VALUES (10, '2007-10-01 00:00:00', 5.32620320855615, 'A DEFINIR', .10127770747438, 1, NULL);
INSERT INTO `ValorIndicador` (`IdIndicador`, `Fecha`, `Valor`, `Estado`, `Variacion`, `SignoVariacion`, `Observaciones`) VALUES (10, '2007-11-01 00:00:00', 5.08095238095238, 'A DEFINIR', .24525082760377, 1, NULL);
INSERT INTO `ValorIndicador` (`IdIndicador`, `Fecha`, `Valor`, `Estado`, `Variacion`, `SignoVariacion`, `Observaciones`) VALUES (10, '2007-12-01 00:00:00', 4.98207885304659, 'A DEFINIR', 9.88735279057895E-02, 1, NULL);
INSERT INTO `ValorIndicador` (`IdIndicador`, `Fecha`, `Valor`, `Estado`, `Variacion`, `SignoVariacion`, `Observaciones`) VALUES (10, '2008-01-01 00:00:00', 4.82621951219512, 'A DEFINIR', .15585934085147, 1, NULL);
INSERT INTO `ValorIndicador` (`IdIndicador`, `Fecha`, `Valor`, `Estado`, `Variacion`, `SignoVariacion`, `Observaciones`) VALUES (10, '2008-02-01 00:00:00', 4.655, 'A DEFINIR', .17121951219512, 1, NULL);
INSERT INTO `ValorIndicador` (`IdIndicador`, `Fecha`, `Valor`, `Estado`, `Variacion`, `SignoVariacion`, `Observaciones`) VALUES (10, '2008-03-01 00:00:00', 4.39013452914798, 'A DEFINIR', .26486547085202, 1, NULL);
INSERT INTO `ValorIndicador` (`IdIndicador`, `Fecha`, `Valor`, `Estado`, `Variacion`, `SignoVariacion`, `Observaciones`) VALUES (10, '2008-04-01 00:00:00', 4.20582120582121, 'A DEFINIR', .18431332332677, 1, NULL);
INSERT INTO `ValorIndicador` (`IdIndicador`, `Fecha`, `Valor`, `Estado`, `Variacion`, `SignoVariacion`, `Observaciones`) VALUES (10, '2008-05-01 00:00:00', 4.29530201342282, 'A DEFINIR', 8.94808076016096E-02, -1, NULL);
INSERT INTO `ValorIndicador` (`IdIndicador`, `Fecha`, `Valor`, `Estado`, `Variacion`, `SignoVariacion`, `Observaciones`) VALUES (10, '2008-06-01 00:00:00', 4.13204747774481, 'A DEFINIR', .16325453567801, 1, NULL);
INSERT INTO `ValorIndicador` (`IdIndicador`, `Fecha`, `Valor`, `Estado`, `Variacion`, `SignoVariacion`, `Observaciones`) VALUES (10, '2008-07-01 00:00:00', 4.07672301690507, 'A DEFINIR', 5.53244608397403E-02, 1, NULL);
INSERT INTO `ValorIndicador` (`IdIndicador`, `Fecha`, `Valor`, `Estado`, `Variacion`, `SignoVariacion`, `Observaciones`) VALUES (10, '2008-08-01 00:00:00', 3.8814371257485, 'A DEFINIR', .19528589115657, 1, NULL);
INSERT INTO `ValorIndicador` (`IdIndicador`, `Fecha`, `Valor`, `Estado`, `Variacion`, `SignoVariacion`, `Observaciones`) VALUES (10, '2008-09-01 00:00:00', 3.59613059250302, 'A DEFINIR', .28530653324548, 1, NULL);
INSERT INTO `ValorIndicador` (`IdIndicador`, `Fecha`, `Valor`, `Estado`, `Variacion`, `SignoVariacion`, `Observaciones`) VALUES (10, '2008-10-01 00:00:00', 3.58500527983105, 'A DEFINIR', 1.11253126719699E-02, 1, NULL);
INSERT INTO `ValorIndicador` (`IdIndicador`, `Fecha`, `Valor`, `Estado`, `Variacion`, `SignoVariacion`, `Observaciones`) VALUES (10, '2008-11-01 00:00:00', 3.43052631578947, 'A DEFINIR', .15447896404158, 1, NULL);
INSERT INTO `ValorIndicador` (`IdIndicador`, `Fecha`, `Valor`, `Estado`, `Variacion`, `SignoVariacion`, `Observaciones`) VALUES (10, '2008-12-01 00:00:00', 3.35412474849095, 'A DEFINIR', 7.64015672985199E-02, 1, NULL);
INSERT INTO `ValorIndicador` (`IdIndicador`, `Fecha`, `Valor`, `Estado`, `Variacion`, `SignoVariacion`, `Observaciones`) VALUES (10, '2009-01-01 00:00:00', 3.19594594594595, 'A DEFINIR', .158178802545, 1, NULL);
INSERT INTO `ValorIndicador` (`IdIndicador`, `Fecha`, `Valor`, `Estado`, `Variacion`, `SignoVariacion`, `Observaciones`) VALUES (10, '2009-02-01 00:00:00', 3.11353315168029, 'A DEFINIR', 8.24127942656601E-02, 1, NULL);
INSERT INTO `ValorIndicador` (`IdIndicador`, `Fecha`, `Valor`, `Estado`, `Variacion`, `SignoVariacion`, `Observaciones`) VALUES (10, '2009-03-01 00:00:00', 2.77659574468085, 'A DEFINIR', .33693740699944, 1, NULL);
INSERT INTO `ValorIndicador` (`IdIndicador`, `Fecha`, `Valor`, `Estado`, `Variacion`, `SignoVariacion`, `Observaciones`) VALUES (10, '2009-04-01 00:00:00', 2.59022931206381, 'A DEFINIR', .18636643261704, 1, NULL);
INSERT INTO `ValorIndicador` (`IdIndicador`, `Fecha`, `Valor`, `Estado`, `Variacion`, `SignoVariacion`, `Observaciones`) VALUES (10, '2009-05-01 00:00:00', 2.46399176954733, 'A DEFINIR', .12623754251648, 1, NULL);
INSERT INTO `ValorIndicador` (`IdIndicador`, `Fecha`, `Valor`, `Estado`, `Variacion`, `SignoVariacion`, `Observaciones`) VALUES (10, '2009-06-01 00:00:00', 2.32092004381161, 'A DEFINIR', .14307172573572, 1, NULL);
INSERT INTO `ValorIndicador` (`IdIndicador`, `Fecha`, `Valor`, `Estado`, `Variacion`, `SignoVariacion`, `Observaciones`) VALUES (10, '2009-07-01 00:00:00', 2.28651059085842, 'A DEFINIR', 3.44094529531902E-02, 1, NULL);
INSERT INTO `ValorIndicador` (`IdIndicador`, `Fecha`, `Valor`, `Estado`, `Variacion`, `SignoVariacion`, `Observaciones`) VALUES (10, '2009-08-01 00:00:00', 2.18856447688564, 'A DEFINIR', .09794611397278, 1, NULL);
INSERT INTO `ValorIndicador` (`IdIndicador`, `Fecha`, `Valor`, `Estado`, `Variacion`, `SignoVariacion`, `Observaciones`) VALUES (10, '2009-09-01 00:00:00', 2.1002538071066, 'A DEFINIR', 8.83106697790397E-02, 1, NULL);
INSERT INTO `ValorIndicador` (`IdIndicador`, `Fecha`, `Valor`, `Estado`, `Variacion`, `SignoVariacion`, `Observaciones`) VALUES (10, '2009-10-01 00:00:00', 2.18097754293263, 'A DEFINIR', 8.07237358260298E-02, -1, NULL);
INSERT INTO `ValorIndicador` (`IdIndicador`, `Fecha`, `Valor`, `Estado`, `Variacion`, `SignoVariacion`, `Observaciones`) VALUES (10, '2009-11-01 00:00:00', 2.15940054495913, 'A DEFINIR', 2.15769979734999E-02, 1, NULL);
INSERT INTO `ValorIndicador` (`IdIndicador`, `Fecha`, `Valor`, `Estado`, `Variacion`, `SignoVariacion`, `Observaciones`) VALUES (10, '2009-12-01 00:00:00', 2.09537166900421, 'A DEFINIR', 6.40288759549201E-02, 1, NULL);
INSERT INTO `ValorIndicador` (`IdIndicador`, `Fecha`, `Valor`, `Estado`, `Variacion`, `SignoVariacion`, `Observaciones`) VALUES (10, '2010-01-01 00:00:00', 2.06367583212735, 'A DEFINIR', 3.16958368768598E-02, 1, NULL);
INSERT INTO `ValorIndicador` (`IdIndicador`, `Fecha`, `Valor`, `Estado`, `Variacion`, `SignoVariacion`, `Observaciones`) VALUES (10, '2010-02-01 00:00:00', 2.02481751824818, 'A DEFINIR', .03885831387917, 1, NULL);
INSERT INTO `ValorIndicador` (`IdIndicador`, `Fecha`, `Valor`, `Estado`, `Variacion`, `SignoVariacion`, `Observaciones`) VALUES (10, '2010-03-01 00:00:00', 1.9540059347181, 'A DEFINIR', .07081158353008, 1, NULL);
INSERT INTO `ValorIndicador` (`IdIndicador`, `Fecha`, `Valor`, `Estado`, `Variacion`, `SignoVariacion`, `Observaciones`) VALUES (10, '2010-04-01 00:00:00', 2.01023391812865, 'A DEFINIR', 5.62279834105499E-02, -1, NULL);
INSERT INTO `ValorIndicador` (`IdIndicador`, `Fecha`, `Valor`, `Estado`, `Variacion`, `SignoVariacion`, `Observaciones`) VALUES (10, '2010-05-01 00:00:00', 1.9344262295082, 'A DEFINIR', .07580768862045, 1, NULL);
INSERT INTO `ValorIndicador` (`IdIndicador`, `Fecha`, `Valor`, `Estado`, `Variacion`, `SignoVariacion`, `Observaciones`) VALUES (10, '2010-06-01 00:00:00', 2.03197674418605, 'A DEFINIR', 9.75505146778499E-02, -1, NULL);
INSERT INTO `ValorIndicador` (`IdIndicador`, `Fecha`, `Valor`, `Estado`, `Variacion`, `SignoVariacion`, `Observaciones`) VALUES (10, '2010-07-01 00:00:00', 1.90827067669173, 'A DEFINIR', .12370606749432, 1, NULL);
INSERT INTO `ValorIndicador` (`IdIndicador`, `Fecha`, `Valor`, `Estado`, `Variacion`, `SignoVariacion`, `Observaciones`) VALUES (10, '2010-08-01 00:00:00', 1.86676875957121, 'A DEFINIR', .04150191712052, 1, NULL);
INSERT INTO `ValorIndicador` (`IdIndicador`, `Fecha`, `Valor`, `Estado`, `Variacion`, `SignoVariacion`, `Observaciones`) VALUES (10, '2010-09-01 00:00:00', 1.93494704992436, 'A DEFINIR', .06817829035315, -1, NULL);
INSERT INTO `ValorIndicador` (`IdIndicador`, `Fecha`, `Valor`, `Estado`, `Variacion`, `SignoVariacion`, `Observaciones`) VALUES (10, '2010-10-01 00:00:00', 2.18556701030928, 'A DEFINIR', .25061996038492, -1, NULL);
INSERT INTO `ValorIndicador` (`IdIndicador`, `Fecha`, `Valor`, `Estado`, `Variacion`, `SignoVariacion`, `Observaciones`) VALUES (10, '2010-11-01 00:00:00', 2.14647887323944, 'A DEFINIR', 3.90881370698399E-02, 1, NULL);
INSERT INTO `ValorIndicador` (`IdIndicador`, `Fecha`, `Valor`, `Estado`, `Variacion`, `SignoVariacion`, `Observaciones`) VALUES (10, '2010-12-01 00:00:00', 2.24559023066486, 'A DEFINIR', 9.91113574254201E-02, -1, NULL);
INSERT INTO `ValorIndicador` (`IdIndicador`, `Fecha`, `Valor`, `Estado`, `Variacion`, `SignoVariacion`, `Observaciones`) VALUES (10, '2011-01-01 00:00:00', 2.27369826435247, 'A DEFINIR', 2.81080336876101E-02, -1, NULL);
INSERT INTO `ValorIndicador` (`IdIndicador`, `Fecha`, `Valor`, `Estado`, `Variacion`, `SignoVariacion`, `Observaciones`) VALUES (10, '2011-02-01 00:00:00', 2.37940026075619, 'A DEFINIR', .10570199640372, -1, NULL);
INSERT INTO `ValorIndicador` (`IdIndicador`, `Fecha`, `Valor`, `Estado`, `Variacion`, `SignoVariacion`, `Observaciones`) VALUES (10, '2011-03-01 00:00:00', 2.16413793103448, 'A DEFINIR', .21526232972171, 1, NULL);
INSERT INTO `ValorIndicador` (`IdIndicador`, `Fecha`, `Valor`, `Estado`, `Variacion`, `SignoVariacion`, `Observaciones`) VALUES (10, '2011-04-01 00:00:00', 2.24441524310118, 'A DEFINIR', 8.02773120667002E-02, -1, NULL);
INSERT INTO `ValorIndicador` (`IdIndicador`, `Fecha`, `Valor`, `Estado`, `Variacion`, `SignoVariacion`, `Observaciones`) VALUES (10, '2011-05-01 00:00:00', 2.3295165394402, 'A DEFINIR', 8.51012963390199E-02, -1, NULL);
INSERT INTO `ValorIndicador` (`IdIndicador`, `Fecha`, `Valor`, `Estado`, `Variacion`, `SignoVariacion`, `Observaciones`) VALUES (10, '2011-06-01 00:00:00', 2.45085995085995, 'A DEFINIR', .12134341141975, -1, NULL);
INSERT INTO `ValorIndicador` (`IdIndicador`, `Fecha`, `Valor`, `Estado`, `Variacion`, `SignoVariacion`, `Observaciones`) VALUES (10, '2011-07-01 00:00:00', 2.51732377538829, 'A DEFINIR', 6.64638245283404E-02, -1, NULL);
INSERT INTO `ValorIndicador` (`IdIndicador`, `Fecha`, `Valor`, `Estado`, `Variacion`, `SignoVariacion`, `Observaciones`) VALUES (10, '2011-08-01 00:00:00', 2.51236749116608, 'A DEFINIR', 4.95628422221017E-03, 1, NULL);
INSERT INTO `ValorIndicador` (`IdIndicador`, `Fecha`, `Valor`, `Estado`, `Variacion`, `SignoVariacion`, `Observaciones`) VALUES (10, '2011-09-01 00:00:00', 2.49709639953542, 'A DEFINIR', 1.52710916306602E-02, 1, NULL);
INSERT INTO `ValorIndicador` (`IdIndicador`, `Fecha`, `Valor`, `Estado`, `Variacion`, `SignoVariacion`, `Observaciones`) VALUES (10, '2011-10-01 00:00:00', 2.58454647256439, 'A DEFINIR', .08745007302897, -1, NULL);
INSERT INTO `ValorIndicador` (`IdIndicador`, `Fecha`, `Valor`, `Estado`, `Variacion`, `SignoVariacion`, `Observaciones`) VALUES (10, '2011-11-01 00:00:00', 2.47855530474041, 'A DEFINIR', .10599116782398, 1, NULL);
INSERT INTO `ValorIndicador` (`IdIndicador`, `Fecha`, `Valor`, `Estado`, `Variacion`, `SignoVariacion`, `Observaciones`) VALUES (10, '2011-12-01 00:00:00', 2.50510783200908, 'A DEFINIR', 2.65525272686702E-02, -1, NULL);
INSERT INTO `ValorIndicador` (`IdIndicador`, `Fecha`, `Valor`, `Estado`, `Variacion`, `SignoVariacion`, `Observaciones`) VALUES (10, '2012-01-01 00:00:00', 2.7419689119171, 'A DEFINIR', .23686107990802, -1, NULL);
INSERT INTO `ValorIndicador` (`IdIndicador`, `Fecha`, `Valor`, `Estado`, `Variacion`, `SignoVariacion`, `Observaciones`) VALUES (10, '2012-02-01 00:00:00', 2.79162512462612, 'A DEFINIR', 4.96562127090199E-02, -1, NULL);
INSERT INTO `ValorIndicador` (`IdIndicador`, `Fecha`, `Valor`, `Estado`, `Variacion`, `SignoVariacion`, `Observaciones`) VALUES (10, '2012-03-01 00:00:00', 2.73092369477912, 'A DEFINIR', 6.07014298470001E-02, 1, NULL);
INSERT INTO `ValorIndicador` (`IdIndicador`, `Fecha`, `Valor`, `Estado`, `Variacion`, `SignoVariacion`, `Observaciones`) VALUES (10, '2012-04-01 00:00:00', 2.94325581395349, 'A DEFINIR', .21233211917437, -1, NULL);
INSERT INTO `ValorIndicador` (`IdIndicador`, `Fecha`, `Valor`, `Estado`, `Variacion`, `SignoVariacion`, `Observaciones`) VALUES (10, '2012-05-01 00:00:00', 2.89138576779026, 'A DEFINIR', 5.18700461632302E-02, 1, NULL);
INSERT INTO `ValorIndicador` (`IdIndicador`, `Fecha`, `Valor`, `Estado`, `Variacion`, `SignoVariacion`, `Observaciones`) VALUES (10, '2012-06-01 00:00:00', 2.76850984067479, 'A DEFINIR', .12287592711547, 1, NULL);
INSERT INTO `ValorIndicador` (`IdIndicador`, `Fecha`, `Valor`, `Estado`, `Variacion`, `SignoVariacion`, `Observaciones`) VALUES (10, '2012-07-01 00:00:00', 2.76372093023256, 'A DEFINIR', 4.78891044223007E-03, 1, NULL);
# 540 records

